run_id;first_var;time_s;crit1;crit2;crit_total;max_memory_mb;order_str;variable_order
1;w;26.359378500000002;256;453;709;65.91796875;w_v_y_u_x_z_t;['w', 'v', 'y', 'u', 'x', 'z', 't']
2;z;30.1593516;181;286;467;11.90234375;z_v_t_x_u_w_y;['z', 'v', 't', 'x', 'u', 'w', 'y']
3;y;8.557837399999997;174;332;506;10.421875;y_t_z_v_x_u_w;['y', 't', 'z', 'v', 'x', 'u', 'w']
4;t;14.758811199999997;181;319;500;10.43359375;t_u_x_y_z_w_v;['t', 'u', 'x', 'y', 'z', 'w', 'v']
5;t;40.37509089999999;200;338;538;10.3046875;t_x_v_w_y_u_z;['t', 'x', 'v', 'w', 'y', 'u', 'z']
6;y;15.220243100000005;273;434;707;10.5859375;y_v_w_u_z_t_x;['y', 'v', 'w', 'u', 'z', 't', 'x']
7;y;14.0156748;181;286;467;10.06640625;y_v_z_t_w_x_u;['y', 'v', 'z', 't', 'w', 'x', 'u']
8;z;20.299158200000022;211;309;520;10.08203125;z_x_t_y_w_v_u;['z', 'x', 't', 'y', 'w', 'v', 'u']
9;t;50.28941499999999;277;519;796;9.7109375;t_x_z_w_y_v_u;['t', 'x', 'z', 'w', 'y', 'v', 'u']
10;v;68.2900612;222;459;681;15.43359375;v_u_w_z_x_y_t;['v', 'u', 'w', 'z', 'x', 'y', 't']
11;v;7.311846900000035;185;276;461;67.74609375;v_z_x_t_y_w_u;['v', 'z', 'x', 't', 'y', 'w', 'u']
12;t;25.37327959999999;262;467;729;67.74609375;t_u_w_v_y_x_z;['t', 'u', 'w', 'v', 'y', 'x', 'z']
13;y;26.019650799999965;227;594;821;66.15625;y_u_t_z_w_v_x;['y', 'u', 't', 'z', 'w', 'v', 'x']
14;t;7.521412899999973;185;360;545;39.34765625;t_z_x_y_v_u_w;['t', 'z', 'x', 'y', 'v', 'u', 'w']
15;x;9.320307000000014;191;366;557;63.35546875;x_z_u_t_v_y_w;['x', 'z', 'u', 't', 'v', 'y', 'w']
16;v;74.53119190000001;279;603;882;68.55078125;v_u_x_w_t_z_y;['v', 'u', 'x', 'w', 't', 'z', 'y']
17;z;8.096196200000009;168;314;482;68.76171875;z_v_u_t_y_x_w;['z', 'v', 'u', 't', 'y', 'x', 'w']
18;x;16.924737300000004;204;335;539;68.76171875;x_z_t_v_w_y_u;['x', 'z', 't', 'v', 'w', 'y', 'u']
19;y;38.75361880000003;230;594;824;68.76171875;y_w_z_v_t_u_x;['y', 'w', 'z', 'v', 't', 'u', 'x']
20;w;54.00861499999996;219;532;751;59.90234375;w_v_t_z_y_u_x;['w', 'v', 't', 'z', 'y', 'u', 'x']
21;y;27.021053199999983;184;333;517;12.6171875;y_x_t_z_u_w_v;['y', 'x', 't', 'z', 'u', 'w', 'v']
22;u;166.80966969999997;260;753;1013;16.859375;u_w_v_x_t_z_y;['u', 'w', 'v', 'x', 't', 'z', 'y']
23;z;46.00689030000001;194;581;775;17.921875;z_u_w_x_y_t_v;['z', 'u', 'w', 'x', 'y', 't', 'v']
24;x;12.052951100000087;188;330;518;68.8359375;x_z_v_y_t_u_w;['x', 'z', 'v', 'y', 't', 'u', 'w']
25;y;62.72121340000001;329;724;1053;68.83984375;y_v_u_w_t_z_x;['y', 'v', 'u', 'w', 't', 'z', 'x']
26;t;26.93879340000001;173;378;551;65.953125;t_x_u_z_w_v_y;['t', 'x', 'u', 'z', 'w', 'v', 'y']
27;z;32.126775599999974;222;435;657;65.98046875;z_v_u_x_w_y_t;['z', 'v', 'u', 'x', 'w', 'y', 't']
28;z;24.460489600000074;212;440;652;65.984375;z_t_y_u_v_w_x;['z', 't', 'y', 'u', 'v', 'w', 'x']
29;u;28.083564000000024;209;613;822;65.9921875;u_z_y_x_v_t_w;['u', 'z', 'y', 'x', 'v', 't', 'w']
30;x;42.27194280000015;265;611;876;66.0;x_v_w_u_y_t_z;['x', 'v', 'w', 'u', 'y', 't', 'z']
31;w;43.09964919999993;230;555;785;66.0078125;w_v_z_y_x_u_t;['w', 'v', 'z', 'y', 'x', 'u', 't']
32;t;8.71579359999987;219;426;645;40.14453125;t_y_v_x_u_w_z;['t', 'y', 'v', 'x', 'u', 'w', 'z']
33;w;13.812209400000029;189;336;525;39.05078125;w_x_u_t_y_v_z;['w', 'x', 'u', 't', 'y', 'v', 'z']
34;v;4.059395599999789;180;329;509;27.61328125;v_z_y_x_t_u_w;['v', 'z', 'y', 'x', 't', 'u', 'w']
35;t;16.35287489999996;253;441;694;68.2265625;t_y_u_w_x_z_v;['t', 'y', 'u', 'w', 'x', 'z', 'v']
36;z;10.77534300000002;194;423;617;68.2265625;z_w_y_u_x_t_v;['z', 'w', 'y', 'u', 'x', 't', 'v']
37;v;21.545651399999997;186;435;621;68.2265625;v_x_w_t_y_z_u;['v', 'x', 'w', 't', 'y', 'z', 'u']
38;z;13.106931199999963;210;370;580;64.24609375;z_w_x_y_v_u_t;['z', 'w', 'x', 'y', 'v', 'u', 't']
39;y;8.177674499999966;204;361;565;64.2578125;y_t_x_u_v_w_z;['y', 't', 'x', 'u', 'v', 'w', 'z']
40;z;16.48950549999995;238;538;776;64.33984375;z_u_v_x_y_w_t;['z', 'u', 'v', 'x', 'y', 'w', 't']
41;v;18.717804200000046;197;625;822;64.33984375;v_z_x_u_y_t_w;['v', 'z', 'x', 'u', 'y', 't', 'w']
42;v;5.849816400000009;167;299;466;64.31640625;v_t_z_u_x_y_w;['v', 't', 'z', 'u', 'x', 'y', 'w']
43;x;16.217476099999885;260;474;734;64.52734375;x_v_u_y_z_w_t;['x', 'v', 'u', 'y', 'z', 'w', 't']
44;u;5.1155180999999175;159;313;472;64.52734375;u_x_v_y_z_t_w;['u', 'x', 'v', 'y', 'z', 't', 'w']
45;u;6.5162491999999475;151;307;458;64.52734375;u_y_z_t_x_w_v;['u', 'y', 'z', 't', 'x', 'w', 'v']
46;w;25.96289129999991;233;555;788;64.92578125;w_v_t_u_y_x_z;['w', 'v', 't', 'u', 'y', 'x', 'z']
47;v;14.148871500000041;212;446;658;64.93359375;v_x_y_w_t_z_u;['v', 'x', 'y', 'w', 't', 'z', 'u']
48;x;13.144265599999926;231;413;644;64.9375;x_v_y_w_z_u_t;['x', 'v', 'y', 'w', 'z', 'u', 't']
49;w;8.909747599999946;228;387;615;64.9375;w_x_y_u_v_z_t;['w', 'x', 'y', 'u', 'v', 'z', 't']
50;t;10.541252600000007;211;323;534;64.9375;t_u_y_x_w_v_z;['t', 'u', 'y', 'x', 'w', 'v', 'z']
51;z;6.675135500000124;180;341;521;64.9375;z_x_t_u_y_v_w;['z', 'x', 't', 'u', 'y', 'v', 'w']
52;w;28.026259399999844;227;613;840;64.9375;w_u_t_z_y_v_x;['w', 'u', 't', 'z', 'y', 'v', 'x']
53;u;5.357017300000052;172;312;484;64.8984375;u_t_v_y_x_z_w;['u', 't', 'v', 'y', 'x', 'z', 'w']
54;w;23.262507400000004;259;450;709;66.23046875;w_z_v_x_u_t_y;['w', 'z', 'v', 'x', 'u', 't', 'y']
55;w;13.232488100000182;246;434;680;66.23046875;w_u_v_t_x_y_z;['w', 'u', 'v', 't', 'x', 'y', 'z']
56;w;12.438256200000069;200;349;549;65.98046875;w_v_x_z_y_t_u;['w', 'v', 'x', 'z', 'y', 't', 'u']
57;z;11.716411599999901;163;396;559;65.8984375;z_u_x_y_w_v_t;['z', 'u', 'x', 'y', 'w', 'v', 't']
58;w;15.757646300000033;222;365;587;65.859375;w_v_z_x_u_t_y;['w', 'v', 'z', 'x', 'u', 't', 'y']
59;u;57.316320200000064;355;1090;1445;72.38671875;u_x_z_v_w_t_y;['u', 'x', 'z', 'v', 'w', 't', 'y']
60;t;15.165147799999886;269;431;700;72.38671875;t_u_v_w_y_z_x;['t', 'u', 'v', 'w', 'y', 'z', 'x']
61;v;31.121446900000137;242;513;755;68.890625;v_y_x_z_w_t_u;['v', 'y', 'x', 'z', 'w', 't', 'u']
62;w;415.88408560000016;226;465;691;68.5625;w_x_t_v_u_z_y;['w', 'x', 't', 'v', 'u', 'z', 'y']
63;x;8.99194599999987;170;301;471;12.53125;x_y_u_w_v_z_t;['x', 'y', 'u', 'w', 'v', 'z', 't']
64;t;29.721710799999983;179;381;560;12.6015625;t_z_u_w_x_y_v;['t', 'z', 'u', 'w', 'x', 'y', 'v']
65;t;42.26088000000004;250;577;827;63.5234375;t_w_v_z_y_u_x;['t', 'w', 'v', 'z', 'y', 'u', 'x']
66;w;30.935257199999796;213;572;785;63.62109375;w_y_z_t_v_u_x;['w', 'y', 'z', 't', 'v', 'u', 'x']
67;x;34.58430840000028;198;565;763;63.84765625;x_z_w_y_t_u_v;['x', 'z', 'w', 'y', 't', 'u', 'v']
68;x;10.72166930000003;166;328;494;63.8515625;x_v_z_u_t_y_w;['x', 'v', 'z', 'u', 't', 'y', 'w']
69;v;25.691205900000114;210;534;744;63.85546875;v_y_z_u_t_w_x;['v', 'y', 'z', 'u', 't', 'w', 'x']
70;z;71.7205786999998;279;633;912;69.578125;z_x_v_w_t_u_y;['z', 'x', 'v', 'w', 't', 'u', 'y']
71;t;23.619384600000103;237;369;606;69.5859375;t_u_y_w_v_x_z;['t', 'u', 'y', 'w', 'v', 'x', 'z']
72;t;15.526719199999661;203;365;568;69.4296875;t_x_u_y_v_w_z;['t', 'x', 'u', 'y', 'v', 'w', 'z']
73;y;41.57894100000021;227;501;728;69.45703125;y_w_x_v_z_t_u;['y', 'w', 'x', 'v', 'z', 't', 'u']
74;v;38.744924600000104;277;445;722;69.45703125;v_t_w_u_y_z_x;['v', 't', 'w', 'u', 'y', 'z', 'x']
75;w;22.036198799999966;262;503;765;68.2421875;w_v_x_u_y_t_z;['w', 'v', 'x', 'u', 'y', 't', 'z']
76;u;26.822677499999827;235;400;635;68.2421875;u_t_y_x_w_v_z;['u', 't', 'y', 'x', 'w', 'v', 'z']
77;x;110.44670240000005;254;804;1058;69.6953125;x_y_w_v_t_z_u;['x', 'y', 'w', 'v', 't', 'z', 'u']
78;u;30.493451300000288;204;365;569;69.89453125;u_x_y_w_t_z_v;['u', 'x', 'y', 'w', 't', 'z', 'v']
79;u;13.617285699999684;191;344;535;69.64453125;u_x_t_y_z_v_w;['u', 'x', 't', 'y', 'z', 'v', 'w']
80;w;36.43470179999986;202;393;595;69.14453125;w_z_x_v_t_y_u;['w', 'z', 'x', 'v', 't', 'y', 'u']
81;w;37.21837749999986;186;368;554;68.49609375;w_y_x_v_z_t_u;['w', 'y', 'x', 'v', 'z', 't', 'u']
82;z;21.497287000000142;183;407;590;67.99609375;z_w_u_y_x_t_v;['z', 'w', 'u', 'y', 'x', 't', 'v']
83;u;24.892488700000285;244;466;710;68.0;u_y_x_z_v_w_t;['u', 'y', 'x', 'z', 'v', 'w', 't']
84;u;28.218408400000044;231;351;582;68.0;u_x_y_t_w_z_v;['u', 'x', 'y', 't', 'w', 'z', 'v']
85;x;55.86746979999998;222;474;696;68.0;x_w_u_t_v_y_z;['x', 'w', 'u', 't', 'v', 'y', 'z']
86;x;35.839180899999974;253;460;713;67.796875;x_y_z_v_w_t_u;['x', 'y', 'z', 'v', 'w', 't', 'u']
87;y;29.563396499999726;247;546;793;67.796875;y_z_u_x_v_w_t;['y', 'z', 'u', 'x', 'v', 'w', 't']
88;x;12.99128120000023;185;364;549;67.37890625;x_t_z_y_u_v_w;['x', 't', 'z', 'y', 'u', 'v', 'w']
89;x;21.428647800000363;204;325;529;67.37890625;x_t_z_v_u_w_y;['x', 't', 'z', 'v', 'u', 'w', 'y']
90;u;19.173736700000063;187;324;511;67.390625;u_v_x_w_y_z_t;['u', 'v', 'x', 'w', 'y', 'z', 't']
91;t;11.309930500000064;190;374;564;66.4765625;t_y_x_u_z_v_w;['t', 'y', 'x', 'u', 'z', 'v', 'w']
92;z;60.74713359999987;212;491;703;66.4765625;z_v_w_x_y_u_t;['z', 'v', 'w', 'x', 'y', 'u', 't']
93;u;21.22423239999989;197;390;587;66.27734375;u_v_t_y_w_x_z;['u', 'v', 't', 'y', 'w', 'x', 'z']
94;y;31.90811880000001;204;385;589;66.27734375;y_x_w_z_u_t_v;['y', 'x', 'w', 'z', 'u', 't', 'v']
95;w;41.83554839999988;195;458;653;66.30859375;w_x_z_y_t_u_v;['w', 'x', 'z', 'y', 't', 'u', 'v']
96;y;11.86000550000017;245;431;676;66.30859375;y_v_u_w_x_z_t;['y', 'v', 'u', 'w', 'x', 'z', 't']
97;x;78.45772290000014;250;636;886;67.015625;x_u_w_t_z_v_y;['x', 'u', 'w', 't', 'z', 'v', 'y']
98;u;11.680710399999953;186;324;510;67.015625;u_t_x_y_z_v_w;['u', 't', 'x', 'y', 'z', 'v', 'w']
99;u;20.639581200000066;200;448;648;67.015625;u_z_x_v_t_w_y;['u', 'z', 'x', 'v', 't', 'w', 'y']
100;t;62.302297799999906;296;487;783;67.015625;t_v_u_w_y_z_x;['t', 'v', 'u', 'w', 'y', 'z', 'x']
101;u;19.440517699999873;218;361;579;12.8203125;u_y_v_w_t_z_x;['u', 'y', 'v', 'w', 't', 'z', 'x']
102;w;101.80673119999983;258;798;1056;66.5703125;w_x_t_y_v_u_z;['w', 'x', 't', 'y', 'v', 'u', 'z']
103;w;71.98107739999978;208;574;782;66.6328125;w_x_t_y_u_z_v;['w', 'x', 't', 'y', 'u', 'z', 'v']
104;t;25.923278700000083;242;425;667;65.4296875;t_y_u_w_x_v_z;['t', 'y', 'u', 'w', 'x', 'v', 'z']
105;z;37.97512020000022;199;409;608;65.48828125;z_w_x_t_y_v_u;['z', 'w', 'x', 't', 'y', 'v', 'u']
106;x;11.813506899999993;181;337;518;64.359375;x_u_z_t_y_v_w;['x', 'u', 'z', 't', 'y', 'v', 'w']
107;w;12.99116550000008;217;396;613;64.36328125;w_z_y_v_u_x_t;['w', 'z', 'y', 'v', 'u', 'x', 't']
108;w;107.94777179999983;335;1042;1377;67.796875;w_v_t_z_u_y_x;['w', 'v', 't', 'z', 'u', 'y', 'x']
109;w;42.53816719999986;237;626;863;67.81640625;w_y_x_t_v_u_z;['w', 'y', 'x', 't', 'v', 'u', 'z']
110;v;9.417316499999743;182;284;466;67.83984375;v_x_y_z_t_w_u;['v', 'x', 'y', 'z', 't', 'w', 'u']
111;x;81.30726760000016;279;734;1013;70.7578125;x_z_u_v_w_t_y;['x', 'z', 'u', 'v', 'w', 't', 'y']
112;v;20.248296400000072;227;483;710;70.7578125;v_u_y_t_w_z_x;['v', 'u', 'y', 't', 'w', 'z', 'x']
113;x;78.21747679999999;304;720;1024;68.87890625;x_t_u_w_v_z_y;['x', 't', 'u', 'w', 'v', 'z', 'y']
114;x;31.170869899999616;204;392;596;68.78515625;x_y_w_z_u_t_v;['x', 'y', 'w', 'z', 'u', 't', 'v']
115;w;33.14247539999997;200;462;662;68.53515625;w_u_z_t_v_x_y;['w', 'u', 'z', 't', 'v', 'x', 'y']
116;u;21.637725900000078;187;321;508;68.54296875;u_v_w_x_y_z_t;['u', 'v', 'w', 'x', 'y', 'z', 't']
117;z;8.567910700000084;163;304;467;68.54296875;z_y_u_t_v_x_w;['z', 'y', 'u', 't', 'v', 'x', 'w']
118;w;13.435545600000296;231;377;608;67.8515625;w_u_v_y_x_z_t;['w', 'u', 'v', 'y', 'x', 'z', 't']
119;w;49.66803200000004;231;555;786;65.67578125;w_u_t_z_x_y_v;['w', 'u', 't', 'z', 'x', 'y', 'v']
120;z;39.581451200000174;241;739;980;65.6796875;z_y_v_x_u_t_w;['z', 'y', 'v', 'x', 'u', 't', 'w']
121;y;19.65604089999988;210;409;619;65.45703125;y_t_v_x_w_u_z;['y', 't', 'v', 'x', 'w', 'u', 'z']
122;t;25.719336399999975;228;462;690;65.48046875;t_v_u_y_x_w_z;['t', 'v', 'u', 'y', 'x', 'w', 'z']
123;t;44.03935899999988;244;570;814;65.48046875;t_w_z_y_x_u_v;['t', 'w', 'z', 'y', 'x', 'u', 'v']
124;t;79.79150730000038;284;541;825;65.96875;t_w_v_z_u_y_x;['t', 'w', 'v', 'z', 'u', 'y', 'x']
125;u;63.57052070000009;209;544;753;65.96875;u_x_z_w_t_v_y;['u', 'x', 'z', 'w', 't', 'v', 'y']
126;t;28.58350370000062;245;448;693;66.1015625;t_w_y_x_z_v_u;['t', 'w', 'y', 'x', 'z', 'v', 'u']
127;t;20.867501800000355;193;286;479;53.96484375;t_x_w_u_v_y_z;['t', 'x', 'w', 'u', 'v', 'y', 'z']
128;v;89.32035929999984;242;579;821;53.97265625;v_w_x_t_z_y_u;['v', 'w', 'x', 't', 'z', 'y', 'u']
129;y;25.57071840000026;211;426;637;15.48828125;y_z_v_t_w_u_x;['y', 'z', 'v', 't', 'w', 'u', 'x']
130;u;10.181551100000434;159;313;472;15.5859375;u_x_v_y_z_t_w;['u', 'x', 'v', 'y', 'z', 't', 'w']
131;v;9.638957699999992;185;279;464;66.62109375;v_x_t_z_y_w_u;['v', 'x', 't', 'z', 'y', 'w', 'u']
132;x;32.527636699999675;228;428;656;66.625;x_y_v_z_w_t_u;['x', 'y', 'v', 'z', 'w', 't', 'u']
133;t;38.878199299999324;230;428;658;66.64453125;t_y_z_w_x_v_u;['t', 'y', 'z', 'w', 'x', 'v', 'u']
134;z;33.05573339999955;228;528;756;66.64453125;z_y_u_x_v_w_t;['z', 'y', 'u', 'x', 'v', 'w', 't']
135;v;19.019378599999982;230;434;664;66.6328125;v_w_u_t_y_x_z;['v', 'w', 'u', 't', 'y', 'x', 'z']
136;u;51.771194099999775;274;747;1021;66.8125;u_w_y_z_v_t_x;['u', 'w', 'y', 'z', 'v', 't', 'x']
137;z;14.965900899999724;168;315;483;66.8203125;z_t_u_x_y_w_v;['z', 't', 'u', 'x', 'y', 'w', 'v']
138;u;29.904816900000696;235;588;823;66.8203125;u_z_t_y_w_v_x;['u', 'z', 't', 'y', 'w', 'v', 'x']
139;u;26.032260800000586;190;354;544;66.453125;u_x_y_w_v_t_z;['u', 'x', 'y', 'w', 'v', 't', 'z']
140;y;26.659960599999977;233;412;645;66.453125;y_x_v_z_w_u_t;['y', 'x', 'v', 'z', 'w', 'u', 't']
141;v;19.227565700000014;204;423;627;66.359375;v_y_t_u_z_w_x;['v', 'y', 't', 'u', 'z', 'w', 'x']
142;y;33.556341799999245;247;419;666;66.359375;y_t_z_w_u_x_v;['y', 't', 'z', 'w', 'u', 'x', 'v']
143;x;71.89279379999971;238;523;761;67.10546875;x_v_w_t_z_y_u;['x', 'v', 'w', 't', 'z', 'y', 'u']
144;x;20.36288979999972;219;344;563;67.10546875;x_y_u_t_w_v_z;['x', 'y', 'u', 't', 'w', 'v', 'z']
145;y;26.789402000000337;192;381;573;67.109375;y_z_x_w_v_u_t;['y', 'z', 'x', 'w', 'v', 'u', 't']
146;u;22.425648999999794;170;390;560;67.125;u_t_x_z_w_y_v;['u', 't', 'x', 'z', 'w', 'y', 'v']
147;y;26.558156199999758;223;391;614;67.19140625;y_t_u_w_v_x_z;['y', 't', 'u', 'w', 'v', 'x', 'z']
148;v;20.88974370000051;191;362;553;67.203125;v_w_x_y_z_t_u;['v', 'w', 'x', 'y', 'z', 't', 'u']
149;t;31.192671899999368;249;556;805;67.203125;t_y_z_u_w_x_v;['t', 'y', 'z', 'u', 'w', 'x', 'v']
150;w;38.59432959999958;226;619;845;67.203125;w_z_t_u_y_v_x;['w', 'z', 't', 'u', 'y', 'v', 'x']
151;z;35.1923127;189;365;554;67.1953125;z_y_x_w_u_v_t;['z', 'y', 'x', 'w', 'u', 'v', 't']
152;y;29.495051599999897;194;444;638;67.19921875;y_v_x_u_t_w_z;['y', 'v', 'x', 'u', 't', 'w', 'z']
153;z;55.681714000000284;251;524;775;67.24609375;z_v_u_w_t_y_x;['z', 'v', 'u', 'w', 't', 'y', 'x']
154;u;46.66945740000028;268;538;806;67.24609375;u_x_v_w_t_y_z;['u', 'x', 'v', 'w', 't', 'y', 'z']
155;v;42.76220569999987;264;520;784;67.1953125;v_x_t_u_z_w_y;['v', 'x', 't', 'u', 'z', 'w', 'y']
156;x;25.33810699999958;215;442;657;66.6171875;x_y_v_w_t_u_z;['x', 'y', 'v', 'w', 't', 'u', 'z']
157;w;119.03336039999976;309;809;1118;71.953125;w_x_u_v_z_t_y;['w', 'x', 'u', 'v', 'z', 't', 'y']
158;y;31.96344670000053;208;456;664;71.83203125;y_v_x_t_u_w_z;['y', 'v', 'x', 't', 'u', 'w', 'z']
159;u;37.48471029999928;182;416;598;71.3828125;u_z_w_t_x_y_v;['u', 'z', 'w', 't', 'x', 'y', 'v']
160;z;26.988498300000174;211;517;728;71.19140625;z_u_w_t_v_y_x;['z', 'u', 'w', 't', 'v', 'y', 'x']
161;x;51.55930640000042;211;382;593;71.0390625;x_u_t_v_w_z_y;['x', 'u', 't', 'v', 'w', 'z', 'y']
162;y;14.182703600000423;170;313;483;71.09765625;y_u_w_v_x_z_t;['y', 'u', 'w', 'v', 'x', 'z', 't']
163;y;18.42925319999995;170;381;551;71.09765625;y_x_u_z_w_v_t;['y', 'x', 'u', 'z', 'w', 'v', 't']
164;w;86.79887460000009;273;575;848;71.09765625;w_v_u_t_x_z_y;['w', 'v', 'u', 't', 'x', 'z', 'y']
165;y;12.835563800000273;158;318;476;67.453125;y_x_u_t_z_w_v;['y', 'x', 'u', 't', 'z', 'w', 'v']
166;x;38.79204759999993;228;444;672;67.453125;x_w_u_v_z_y_t;['x', 'w', 'u', 'v', 'z', 'y', 't']
167;u;19.718307399999503;219;403;622;67.453125;u_v_w_y_x_z_t;['u', 'v', 'w', 'y', 'x', 'z', 't']
168;w;89.82538470000054;276;569;845;67.56640625;w_v_u_t_z_x_y;['w', 'v', 'u', 't', 'z', 'x', 'y']
169;v;62.96805780000068;209;407;616;67.74609375;v_w_t_z_u_x_y;['v', 'w', 't', 'z', 'u', 'x', 'y']
170;t;24.52646629999981;233;431;664;67.74609375;t_z_v_y_u_w_x;['t', 'z', 'v', 'y', 'u', 'w', 'x']
171;u;21.183683799999926;160;376;536;67.74609375;u_x_z_y_w_t_v;['u', 'x', 'z', 'y', 'w', 't', 'v']
172;w;40.412444999999934;208;487;695;67.625;w_u_z_t_v_x_y;['w', 'u', 'z', 't', 'v', 'x', 'y']
173;u;44.95839429999978;230;474;704;67.625;u_x_w_v_z_y_t;['u', 'x', 'w', 'v', 'z', 'y', 't']
174;x;43.55219830000078;226;481;707;19.05859375;x_w_t_v_u_z_y;['x', 'w', 't', 'v', 'u', 'z', 'y']
175;z;27.774148499999683;219;493;712;64.25;z_w_y_v_t_u_x;['z', 'w', 'y', 'v', 't', 'u', 'x']
176;x;11.144332900000336;166;324;490;64.265625;x_v_z_u_t_y_w;['x', 'v', 'z', 'u', 't', 'y', 'w']
177;u;19.305830600000263;177;443;620;64.2734375;u_z_w_x_y_t_v;['u', 'z', 'w', 'x', 'y', 't', 'v']
178;t;7.269453100000646;184;285;469;64.3359375;t_v_x_y_z_w_u;['t', 'v', 'x', 'y', 'z', 'w', 'u']
179;v;20.3223253999995;175;288;463;65.32421875;v_z_x_u_t_w_y;['v', 'z', 'x', 'u', 't', 'w', 'y']
180;u;14.527265599999737;189;359;548;65.32421875;u_y_v_t_x_w_z;['u', 'y', 'v', 't', 'x', 'w', 'z']
181;z;31.180022499999723;204;599;803;65.32421875;z_u_y_v_x_t_w;['z', 'u', 'y', 'v', 'x', 't', 'w']
182;u;14.595773400000326;173;350;523;64.59765625;u_v_z_y_t_w_x;['u', 'v', 'z', 'y', 't', 'w', 'x']
183;u;70.28798850000021;289;708;997;68.10546875;u_y_w_v_t_z_x;['u', 'y', 'w', 'v', 't', 'z', 'x']
184;z;20.420743100000436;200;307;507;68.1171875;z_y_t_x_w_v_u;['z', 'y', 't', 'x', 'w', 'v', 'u']
185;t;60.15886169999976;266;627;893;67.890625;t_w_u_z_v_x_y;['t', 'w', 'u', 'z', 'v', 'x', 'y']
186;w;70.14288769999985;228;700;928;67.8984375;w_t_z_u_y_v_x;['w', 't', 'z', 'u', 'y', 'v', 'x']
187;z;9.68392490000042;180;327;507;68.19921875;z_x_v_y_t_u_w;['z', 'x', 'v', 'y', 't', 'u', 'w']
188;v;31.97312150000016;204;399;603;68.20703125;v_z_w_y_x_u_t;['v', 'z', 'w', 'y', 'x', 'u', 't']
189;v;15.42555640000046;168;313;481;68.20703125;v_u_t_z_x_y_w;['v', 'u', 't', 'z', 'x', 'y', 'w']
190;x;30.84850650000044;203;411;614;67.95703125;x_z_t_u_v_w_y;['x', 'z', 't', 'u', 'v', 'w', 'y']
191;z;24.51231699999971;183;420;603;67.9375;z_u_w_y_x_v_t;['z', 'u', 'w', 'y', 'x', 'v', 't']
192;z;86.08029760000045;304;785;1089;70.91015625;z_w_x_t_v_u_y;['z', 'w', 'x', 't', 'v', 'u', 'y']
193;y;21.171051100000113;210;369;579;70.91796875;y_v_x_w_z_t_u;['y', 'v', 'x', 'w', 'z', 't', 'u']
194;v;21.17674420000003;198;370;568;69.41796875;v_x_w_y_z_t_u;['v', 'x', 'w', 'y', 'z', 't', 'u']
195;u;46.47010909999972;229;550;779;69.41796875;u_z_v_w_t_x_y;['u', 'z', 'v', 'w', 't', 'x', 'y']
196;z;13.752136000000064;199;297;496;69.1796875;z_u_y_v_w_x_t;['z', 'u', 'y', 'v', 'w', 'x', 't']
197;u;15.401675699999942;181;325;506;69.25;u_v_y_z_t_w_x;['u', 'v', 'y', 'z', 't', 'w', 'x']
198;x;114.06312679999974;233;551;784;71.7265625;x_v_z_w_y_u_t;['x', 'v', 'z', 'w', 'y', 'u', 't']
199;v;19.121107400000255;207;398;605;71.7265625;v_y_x_t_w_u_z;['v', 'y', 'x', 't', 'w', 'u', 'z']
200;t;21.94412210000064;210;373;583;70.2265625;t_y_w_v_z_u_x;['t', 'y', 'w', 'v', 'z', 'u', 'x']
201;z;36.667353700000604;221;479;700;69.7265625;z_t_x_w_y_u_v;['z', 't', 'x', 'w', 'y', 'u', 'v']
202;t;41.97726750000038;245;492;737;69.48828125;t_y_w_x_z_u_v;['t', 'y', 'w', 'x', 'z', 'u', 'v']
203;y;12.050674799999797;181;285;466;54.9296875;y_v_t_z_w_x_u;['y', 'v', 't', 'z', 'w', 'x', 'u']
204;y;166.21963869999945;286;1022;1308;73.8984375;y_w_t_z_v_x_u;['y', 'w', 't', 'z', 'v', 'x', 'u']
205;x;29.102361600000222;193;606;799;74.4296875;x_v_z_u_y_t_w;['x', 'v', 'z', 'u', 'y', 't', 'w']
206;z;11.704929799999263;175;351;526;72.21875;z_t_y_u_x_v_w;['z', 't', 'y', 'u', 'x', 'v', 'w']
207;y;10.074158200000056;172;318;490;72.23046875;y_t_x_z_u_v_w;['y', 't', 'x', 'z', 'u', 'v', 'w']
208;x;19.82805180000014;230;369;599;72.3203125;x_v_u_y_w_z_t;['x', 'v', 'u', 'y', 'w', 'z', 't']
209;z;14.108573800000158;186;279;465;72.3359375;z_v_y_t_w_x_u;['z', 'v', 'y', 't', 'w', 'x', 'u']
210;w;36.79021439999997;209;418;627;70.84765625;w_x_z_t_y_v_u;['w', 'x', 'z', 't', 'y', 'v', 'u']
211;t;14.537148999999772;168;321;489;70.86328125;t_z_u_x_y_w_v;['t', 'z', 'u', 'x', 'y', 'w', 'v']
212;w;31.090919000000213;195;469;664;70.875;w_y_x_t_u_v_z;['w', 'y', 'x', 't', 'u', 'v', 'z']
213;y;29.99447650000002;214;487;701;70.875;y_x_w_z_t_v_u;['y', 'x', 'w', 'z', 't', 'v', 'u']
214;x;18.330778200000168;168;404;572;70.625;x_u_z_y_w_v_t;['x', 'u', 'z', 'y', 'w', 'v', 't']
215;t;31.24270940000042;219;411;630;70.625;t_u_y_v_w_z_x;['t', 'u', 'y', 'v', 'w', 'z', 'x']
216;v;2.9840385999996215;171;304;475;66.21484375;v_y_t_u_x_z_w;['v', 'y', 't', 'u', 'x', 'z', 'w']
217;z;38.16482309999992;215;554;769;66.515625;z_w_t_v_u_x_y;['z', 'w', 't', 'v', 'u', 'x', 'y']
218;v;18.47027369999978;231;390;621;66.5234375;v_u_x_z_w_y_t;['v', 'u', 'x', 'z', 'w', 'y', 't']
219;z;12.43012699999963;173;382;555;66.52734375;z_t_x_u_w_y_v;['z', 't', 'x', 'u', 'w', 'y', 'v']
220;t;6.905917400000362;176;331;507;66.546875;t_z_u_y_x_w_v;['t', 'z', 'u', 'y', 'x', 'w', 'v']
221;u;14.912503200000174;196;383;579;66.5625;u_w_x_y_v_t_z;['u', 'w', 'x', 'y', 'v', 't', 'z']
222;z;10.435570100000405;225;409;634;66.56640625;z_t_w_y_v_u_x;['z', 't', 'w', 'y', 'v', 'u', 'x']
223;w;12.87038499999926;189;335;524;66.58984375;w_u_x_t_y_v_z;['w', 'u', 'x', 't', 'y', 'v', 'z']
224;v;11.422191900000144;200;358;558;66.58984375;v_t_y_x_w_z_u;['v', 't', 'y', 'x', 'w', 'z', 'u']
225;x;17.01787030000014;217;415;632;66.45703125;x_y_t_v_w_u_z;['x', 'y', 't', 'v', 'w', 'u', 'z']
226;v;3.3993235999996614;187;310;497;66.34375;v_t_z_y_u_x_w;['v', 't', 'z', 'y', 'u', 'x', 'w']
227;t;21.265133799999603;280;523;803;66.3828125;t_v_w_y_x_z_u;['t', 'v', 'w', 'y', 'x', 'z', 'u']
228;w;18.06720570000016;205;432;637;67.734375;w_y_z_x_u_v_t;['w', 'y', 'z', 'x', 'u', 'v', 't']
229;w;13.3097601999998;196;431;627;67.734375;w_u_y_x_z_v_t;['w', 'u', 'y', 'x', 'z', 'v', 't']
230;u;18.99434310000015;221;526;747;67.7421875;u_w_y_t_v_x_z;['u', 'w', 'y', 't', 'v', 'x', 'z']
231;z;12.044287800000347;224;379;603;67.74609375;z_y_v_w_x_u_t;['z', 'y', 'v', 'w', 'x', 'u', 't']
232;v;31.498514400000204;233;489;722;68.0234375;v_w_z_u_x_y_t;['v', 'w', 'z', 'u', 'x', 'y', 't']
233;z;38.51740890000019;304;792;1096;70.58203125;z_w_t_x_v_u_y;['z', 'w', 't', 'x', 'v', 'u', 'y']
234;v;20.031007900000077;256;589;845;70.58203125;v_w_x_y_u_t_z;['v', 'w', 'x', 'y', 'u', 't', 'z']
235;t;6.199642500000664;201;396;597;69.81640625;t_z_x_y_v_u_w;['t', 'z', 'x', 'y', 'v', 'u', 'w']
236;v;4.393409799999972;186;249;435;69.8203125;v_u_y_x_z_w_t;['v', 'u', 'y', 'x', 'z', 'w', 't']
237;u;28.17486310000004;255;618;873;69.82421875;u_t_w_z_y_v_x;['u', 't', 'w', 'z', 'y', 'v', 'x']
238;u;12.992173999999977;206;463;669;69.60546875;u_w_x_y_t_v_z;['u', 'w', 'x', 'y', 't', 'v', 'z']
239;z;15.366304000000127;194;356;550;69.60546875;z_w_y_x_v_t_u;['z', 'w', 'y', 'x', 'v', 't', 'u']
240;w;18.81743480000023;211;440;651;69.60546875;w_z_y_v_t_x_u;['w', 'z', 'y', 'v', 't', 'x', 'u']
241;x;11.438179200000377;217;414;631;69.59765625;x_y_t_v_w_u_z;['x', 'y', 't', 'v', 'w', 'u', 'z']
242;t;29.864514799999597;292;671;963;69.6015625;t_w_v_y_z_x_u;['t', 'w', 'v', 'y', 'z', 'x', 'u']
243;u;4.434987299999193;159;292;451;69.6015625;u_z_v_y_t_x_w;['u', 'z', 'v', 'y', 't', 'x', 'w']
244;t;9.795046899999761;182;298;480;69.6328125;t_u_w_y_x_v_z;['t', 'u', 'w', 'y', 'x', 'v', 'z']
245;t;15.649607299999843;236;346;582;69.671875;t_v_x_w_z_u_y;['t', 'v', 'x', 'w', 'z', 'u', 'y']
246;y;4.32963430000018;175;334;509;69.671875;y_x_z_v_t_u_w;['y', 'x', 'z', 'v', 't', 'u', 'w']
247;y;21.599588199999744;276;670;946;69.671875;y_v_t_w_u_x_z;['y', 'v', 't', 'w', 'u', 'x', 'z']
248;x;12.48635699999977;260;509;769;69.515625;x_y_v_w_u_z_t;['x', 'y', 'v', 'w', 'u', 'z', 't']
249;z;4.962400299999899;181;339;520;69.54296875;z_y_v_t_x_u_w;['z', 'y', 'v', 't', 'x', 'u', 'w']
250;z;15.865712599999824;207;444;651;69.54296875;z_x_y_w_t_v_u;['z', 'x', 'y', 'w', 't', 'v', 'u']
251;z;2.707909899999322;175;296;471;69.54296875;z_t_y_v_u_x_w;['z', 't', 'y', 'v', 'u', 'x', 'w']
252;u;15.592189300000427;219;415;634;69.54296875;u_v_t_z_x_w_y;['u', 'v', 't', 'z', 'x', 'w', 'y']
253;x;14.758527299999514;208;359;567;69.546875;x_u_w_y_t_z_v;['x', 'u', 'w', 'y', 't', 'z', 'v']
254;w;22.67213989999982;241;686;927;69.55078125;w_u_v_z_y_x_t;['w', 'u', 'v', 'z', 'y', 'x', 't']
255;x;6.742023499999959;186;371;557;69.55078125;x_z_u_y_t_v_w;['x', 'z', 'u', 'y', 't', 'v', 'w']
256;x;20.01837809999961;193;377;570;69.55078125;x_w_t_z_v_y_u;['x', 'w', 't', 'z', 'v', 'y', 'u']
257;w;16.407557200000156;217;577;794;67.16796875;w_z_y_t_u_v_x;['w', 'z', 'y', 't', 'u', 'v', 'x']
258;v;11.458649899999727;218;453;671;67.16796875;v_u_t_y_w_x_z;['v', 'u', 't', 'y', 'w', 'x', 'z']
259;y;9.516712699999516;216;405;621;67.16796875;y_x_t_v_u_w_z;['y', 'x', 't', 'v', 'u', 'w', 'z']
260;w;21.596322899999905;211;378;589;67.16796875;w_v_x_t_z_u_y;['w', 'v', 'x', 't', 'z', 'u', 'y']
261;t;6.97039550000045;189;378;567;67.17578125;t_y_u_x_z_v_w;['t', 'y', 'u', 'x', 'z', 'v', 'w']
262;v;2.78776359999938;171;300;471;67.17578125;v_y_t_u_z_x_w;['v', 'y', 't', 'u', 'z', 'x', 'w']
263;x;23.117286499999864;242;441;683;67.21875;x_t_v_w_z_y_u;['x', 't', 'v', 'w', 'z', 'y', 'u']
264;w;16.002397199999905;193;385;578;67.28125;w_x_v_y_z_t_u;['w', 'x', 'v', 'y', 'z', 't', 'u']
265;y;12.349204399999508;201;383;584;67.28125;y_w_u_v_x_t_z;['y', 'w', 'u', 'v', 'x', 't', 'z']
266;u;9.190434600000117;190;380;570;67.28125;u_y_w_v_x_z_t;['u', 'y', 'w', 'v', 'x', 'z', 't']
267;y;6.380700400000023;173;331;504;67.28125;y_u_x_w_v_t_z;['y', 'u', 'x', 'w', 'v', 't', 'z']
268;t;10.164027099999657;224;440;664;67.28125;t_y_v_w_x_u_z;['t', 'y', 'v', 'w', 'x', 'u', 'z']
269;z;15.52181870000004;191;470;661;67.28125;z_u_w_t_x_y_v;['z', 'u', 'w', 't', 'x', 'y', 'v']
270;w;29.728404900000896;199;601;800;67.28515625;w_t_y_u_z_v_x;['w', 't', 'y', 'u', 'z', 'v', 'x']
271;w;26.861558500000683;224;525;749;68.27734375;w_v_t_y_x_z_u;['w', 'v', 't', 'y', 'x', 'z', 'u']
272;u;19.91237220000039;257;387;644;68.27734375;u_t_y_x_w_z_v;['u', 't', 'y', 'x', 'w', 'z', 'v']
273;t;11.386144400001285;226;472;698;68.27734375;t_v_x_u_y_w_z;['t', 'v', 'x', 'u', 'y', 'w', 'z']
274;y;6.732930599999236;182;343;525;68.18359375;y_v_t_x_u_z_w;['y', 'v', 't', 'x', 'u', 'z', 'w']
275;y;51.969629900000655;203;487;690;68.18359375;y_x_w_t_u_z_v;['y', 'x', 'w', 't', 'u', 'z', 'v']
276;y;15.999663599999622;185;356;541;13.36328125;y_w_x_z_u_v_t;['y', 'w', 'x', 'z', 'u', 'v', 't']
277;z;5.43889769999987;157;311;468;13.44921875;z_v_u_y_t_x_w;['z', 'v', 'u', 'y', 't', 'x', 'w']
278;t;11.967688200000339;221;392;613;14.37109375;t_y_w_v_z_u_x;['t', 'y', 'w', 'v', 'z', 'u', 'x']
279;x;7.333703100001003;156;327;483;14.40234375;x_u_z_t_y_w_v;['x', 'u', 'z', 't', 'y', 'w', 'v']
280;t;25.693251700000474;239;331;570;65.84765625;t_x_v_u_w_z_y;['t', 'x', 'v', 'u', 'w', 'z', 'y']
281;x;5.73820220000016;161;360;521;65.84765625;x_z_u_t_y_w_v;['x', 'z', 'u', 't', 'y', 'w', 'v']
282;v;21.199557599999025;217;347;564;65.84765625;v_w_z_x_u_t_y;['v', 'w', 'z', 'x', 'u', 't', 'y']
283;v;17.93315260000054;239;466;705;65.56640625;v_z_y_x_w_t_u;['v', 'z', 'y', 'x', 'w', 't', 'u']
284;z;35.53578870000092;332;688;1020;66.30859375;z_t_w_y_v_x_u;['z', 't', 'w', 'y', 'v', 'x', 'u']
285;u;8.87782530000004;182;307;489;66.328125;u_t_w_y_x_v_z;['u', 't', 'w', 'y', 'x', 'v', 'z']
286;y;15.839264600001115;215;536;751;66.328125;y_w_t_x_u_v_z;['y', 'w', 't', 'x', 'u', 'v', 'z']
287;v;16.419604499998968;237;573;810;66.328125;v_z_t_y_u_w_x;['v', 'z', 't', 'y', 'u', 'w', 'x']
288;w;56.04803249999895;222;686;908;68.26953125;w_v_x_t_y_u_z;['w', 'v', 'x', 't', 'y', 'u', 'z']
289;y;10.808192399999825;221;556;777;68.26953125;y_z_x_v_u_t_w;['y', 'z', 'x', 'v', 'u', 't', 'w']
290;z;23.979879999998957;196;472;668;68.26953125;z_w_u_t_v_x_y;['z', 'w', 'u', 't', 'v', 'x', 'y']
291;w;45.552709600000526;228;464;692;68.27734375;w_y_v_z_x_u_t;['w', 'y', 'v', 'z', 'x', 'u', 't']
292;y;17.958310599999095;238;744;982;66.390625;y_v_z_x_u_t_w;['y', 'v', 'z', 'x', 'u', 't', 'w']
293;w;23.394170000001395;200;424;624;66.421875;w_u_z_x_t_y_v;['w', 'u', 'z', 'x', 't', 'y', 'v']
294;w;17.429837199999383;220;496;716;66.4296875;w_z_y_t_v_u_x;['w', 'z', 'y', 't', 'v', 'u', 'x']
295;v;2.9611870999997336;174;323;497;66.25;v_u_t_x_y_z_w;['v', 'u', 't', 'x', 'y', 'z', 'w']
296;w;13.039858100000856;208;425;633;66.2578125;w_y_u_x_z_t_v;['w', 'y', 'u', 'x', 'z', 't', 'v']
297;v;55.81353569999919;385;1232;1617;69.5625;v_u_w_y_z_x_t;['v', 'u', 'w', 'y', 'z', 'x', 't']
298;v;50.48495619999994;234;564;798;69.5859375;v_x_z_w_y_u_t;['v', 'x', 'z', 'w', 'y', 'u', 't']
299;w;14.471575499999744;211;478;689;69.4609375;w_t_y_v_u_z_x;['w', 't', 'y', 'v', 'u', 'z', 'x']
300;u;7.340715700000146;179;326;505;69.46484375;u_v_t_z_y_w_x;['u', 'v', 't', 'z', 'y', 'w', 'x']
301;w;33.75324229999933;195;509;704;69.46484375;w_t_x_u_y_z_v;['w', 't', 'x', 'u', 'y', 'z', 'v']
302;t;15.705344900001364;242;421;663;69.22265625;t_u_w_y_v_z_x;['t', 'u', 'w', 'y', 'v', 'z', 'x']
303;v;3.7618823000011616;181;286;467;69.23046875;v_y_t_z_x_w_u;['v', 'y', 't', 'z', 'x', 'w', 'u']
304;u;7.126084199999241;187;342;529;69.23046875;u_y_z_v_t_x_w;['u', 'y', 'z', 'v', 't', 'x', 'w']
305;v;12.967613100001472;229;383;612;69.24609375;v_z_w_u_t_y_x;['v', 'z', 'w', 'u', 't', 'y', 'x']
306;w;29.527424300000348;262;707;969;69.01953125;w_v_t_z_y_x_u;['w', 'v', 't', 'z', 'y', 'x', 'u']
307;y;11.146017999999458;210;368;578;69.01953125;y_x_v_w_z_t_u;['y', 'x', 'v', 'w', 'z', 't', 'u']
308;x;8.986368100000618;219;352;571;69.01953125;x_v_y_u_w_z_t;['x', 'v', 'y', 'u', 'w', 'z', 't']
309;x;9.95723899999939;187;315;502;68.5234375;x_z_v_t_u_w_y;['x', 'z', 'v', 't', 'u', 'w', 'y']
310;u;9.6643796999997;174;390;564;68.5234375;u_y_z_x_w_v_t;['u', 'y', 'z', 'x', 'w', 'v', 't']
311;z;25.08446090000143;218;473;691;68.5234375;z_t_w_u_x_y_v;['z', 't', 'w', 'u', 'x', 'y', 'v']
312;z;6.388902200000302;171;339;510;66.640625;z_u_v_y_t_w_x;['z', 'u', 'v', 'y', 't', 'w', 'x']
313;y;16.148528699999588;209;402;611;66.375;y_x_u_w_t_z_v;['y', 'x', 'u', 'w', 't', 'z', 'v']
314;y;7.024498900000253;244;382;626;66.390625;y_v_z_w_u_t_x;['y', 'v', 'z', 'w', 'u', 't', 'x']
315;y;9.417425000001458;180;275;455;66.41015625;y_t_w_u_v_x_z;['y', 't', 'w', 'u', 'v', 'x', 'z']
316;y;4.219957900000736;186;255;441;66.41796875;y_v_u_z_x_w_t;['y', 'v', 'u', 'z', 'x', 'w', 't']
317;w;22.730170599999838;199;502;701;66.41796875;w_z_y_t_x_u_v;['w', 'z', 'y', 't', 'x', 'u', 'v']
318;z;15.557017000000997;247;753;1000;65.93359375;z_x_y_v_u_t_w;['z', 'x', 'y', 'v', 'u', 't', 'w']
319;x;21.36266230000001;293;588;881;65.94140625;x_t_u_y_w_z_v;['x', 't', 'u', 'y', 'w', 'z', 'v']
320;y;13.214593499998955;262;471;733;65.94140625;y_u_t_w_v_z_x;['y', 'u', 't', 'w', 'v', 'z', 'x']
321;x;60.29115220000131;274;835;1109;71.01171875;x_u_w_v_z_t_y;['x', 'u', 'w', 'v', 'z', 't', 'y']
322;w;19.467643099998895;198;412;610;71.01171875;w_z_y_x_u_t_v;['w', 'z', 'y', 'x', 'u', 't', 'v']
323;u;19.027543700000024;214;636;850;69.26171875;u_z_v_x_y_t_w;['u', 'z', 'v', 'x', 'y', 't', 'w']
324;t;5.038123000000269;174;333;507;69.22265625;t_v_x_u_z_y_w;['t', 'v', 'x', 'u', 'z', 'y', 'w']
325;x;10.76648059999934;221;384;605;69.22265625;x_v_z_y_w_u_t;['x', 'v', 'z', 'y', 'w', 'u', 't']
326;z;4.17283210000096;180;330;510;69.22265625;z_v_y_x_t_u_w;['z', 'v', 'y', 'x', 't', 'u', 'w']
327;z;50.502582500001154;258;515;773;69.22265625;z_y_x_v_w_t_u;['z', 'y', 'x', 'v', 'w', 't', 'u']
328;w;32.30112250000093;199;566;765;13.390625;w_t_y_u_x_z_v;['w', 't', 'y', 'u', 'x', 'z', 'v']
329;t;11.307541000000128;210;305;515;64.98046875;t_y_w_u_v_z_x;['t', 'y', 'w', 'u', 'v', 'z', 'x']
330;z;7.302891100000124;157;345;502;64.9921875;z_x_u_y_t_w_v;['z', 'x', 'u', 'y', 't', 'w', 'v']
331;w;19.042183199999272;195;514;709;65.08984375;w_t_x_z_y_u_v;['w', 't', 'x', 'z', 'y', 'u', 'v']
332;w;16.589031200001045;191;390;581;65.08984375;w_u_y_z_t_x_v;['w', 'u', 'y', 'z', 't', 'x', 'v']
333;x;12.194555800000671;195;388;583;65.0234375;x_v_w_y_t_z_u;['x', 'v', 'w', 'y', 't', 'z', 'u']
334;z;10.17539559999932;188;303;491;65.015625;z_v_w_y_t_x_u;['z', 'v', 'w', 'y', 't', 'x', 'u']
335;w;42.01946130000033;252;510;762;67.5625;w_v_t_u_z_x_y;['w', 'v', 't', 'u', 'z', 'x', 'y']
336;y;14.275664900000265;219;417;636;67.58203125;y_t_u_v_w_z_x;['y', 't', 'u', 'v', 'w', 'z', 'x']
337;w;25.536833899999692;199;548;747;67.33203125;w_t_z_u_x_y_v;['w', 't', 'z', 'u', 'x', 'y', 'v']
338;w;14.897353499998644;197;412;609;67.33203125;w_y_x_u_z_t_v;['w', 'y', 'x', 'u', 'z', 't', 'v']
339;z;57.60950000000048;352;1037;1389;72.00390625;z_u_x_v_w_t_y;['z', 'u', 'x', 'v', 'w', 't', 'y']
340;v;2.879311600001529;175;301;476;72.00390625;v_u_y_x_z_t_w;['v', 'u', 'y', 'x', 'z', 't', 'w']
341;t;19.140637000000424;228;401;629;71.76953125;t_y_x_z_w_v_u;['t', 'y', 'x', 'z', 'w', 'v', 'u']
342;x;21.66759119999915;198;374;572;71.7734375;x_w_t_z_y_v_u;['x', 'w', 't', 'z', 'y', 'v', 'u']
343;x;12.057082599998466;194;342;536;70.26953125;x_w_y_z_v_u_t;['x', 'w', 'y', 'z', 'v', 'u', 't']
344;w;17.270376500000566;203;418;621;70.26953125;w_t_y_x_z_v_u;['w', 't', 'y', 'x', 'z', 'v', 'u']
345;w;32.39615749999939;225;431;656;70.2734375;w_v_z_t_u_x_y;['w', 'v', 'z', 't', 'u', 'x', 'y']
346;z;11.622245000000476;195;436;631;70.2734375;z_u_v_t_x_w_y;['z', 'u', 'v', 't', 'x', 'w', 'y']
347;t;7.439480500001082;203;373;576;70.27734375;t_x_u_y_v_w_z;['t', 'x', 'u', 'y', 'v', 'w', 'z']
348;v;10.299993099999483;174;403;577;70.27734375;v_x_z_u_y_t_w;['v', 'x', 'z', 'u', 'y', 't', 'w']
349;w;24.279955800000607;197;515;712;70.2578125;w_z_t_x_u_y_v;['w', 'z', 't', 'x', 'u', 'y', 'v']
350;u;9.50267950000125;187;330;517;70.2578125;u_x_v_w_y_z_t;['u', 'x', 'v', 'w', 'y', 'z', 't']
351;x;5.60376290000022;167;318;485;70.27734375;x_t_v_u_z_y_w;['x', 't', 'v', 'u', 'z', 'y', 'w']
352;u;4.921309299999848;161;224;385;70.28125;u_y_v_z_x_w_t;['u', 'y', 'v', 'z', 'x', 'w', 't']
353;v;44.136576500000956;263;469;732;70.28125;v_x_z_u_w_y_t;['v', 'x', 'z', 'u', 'w', 'y', 't']
354;v;19.782971800001178;247;752;999;15.66015625;v_z_y_x_u_t_w;['v', 'z', 'y', 'x', 'u', 't', 'w']
355;z;31.055568899999344;248;495;743;14.796875;z_v_u_w_t_y_x;['z', 'v', 'u', 'w', 't', 'y', 'x']
356;y;17.62471269999878;247;550;797;66.25390625;y_x_u_z_v_w_t;['y', 'x', 'u', 'z', 'v', 'w', 't']
357;y;8.492559599999367;191;371;562;66.265625;y_t_v_z_u_w_x;['y', 't', 'v', 'z', 'u', 'w', 'x']
358;y;5.929310899999109;201;317;518;66.28125;y_u_z_w_v_x_t;['y', 'u', 'z', 'w', 'v', 'x', 't']
359;y;9.560771099999329;191;347;538;66.30859375;y_v_t_u_z_w_x;['y', 'v', 't', 'u', 'z', 'w', 'x']
360;x;20.13252139999895;225;489;714;66.328125;x_t_z_w_u_y_v;['x', 't', 'z', 'w', 'u', 'y', 'v']
361;y;10.891452700001537;196;382;578;66.328125;y_u_z_w_x_v_t;['y', 'u', 'z', 'w', 'x', 'v', 't']
362;u;12.846424499999557;164;397;561;66.33203125;u_z_w_x_y_t_v;['u', 'z', 'w', 'x', 'y', 't', 'v']
363;v;68.41380869999921;405;744;1149;70.48828125;v_u_t_w_x_z_y;['v', 'u', 't', 'w', 'x', 'z', 'y']
364;x;6.646031899999798;198;355;553;70.49609375;x_v_t_z_y_u_w;['x', 'v', 't', 'z', 'y', 'u', 'w']
365;y;7.931876400001784;195;284;479;68.7890625;y_t_z_w_x_v_u;['y', 't', 'z', 'w', 'x', 'v', 'u']
366;t;10.185222000000067;207;303;510;68.95703125;t_w_y_u_v_z_x;['t', 'w', 'y', 'u', 'v', 'z', 'x']
367;y;3.924172799999724;179;337;516;68.9609375;y_z_v_t_x_u_w;['y', 'z', 'v', 't', 'x', 'u', 'w']
368;u;11.546416600000157;230;373;603;68.9609375;u_t_w_y_x_v_z;['u', 't', 'w', 'y', 'x', 'v', 'z']
369;t;29.491275500000484;245;613;858;68.9609375;t_z_u_w_v_y_x;['t', 'z', 'u', 'w', 'v', 'y', 'x']
370;z;13.808751700000357;211;463;674;68.9609375;z_w_v_y_t_u_x;['z', 'w', 'v', 'y', 't', 'u', 'x']
371;v;5.1985616000001755;167;300;467;68.96875;v_t_u_x_z_y_w;['v', 't', 'u', 'x', 'z', 'y', 'w']
372;w;11.756371800000124;256;492;748;68.96875;w_y_u_z_v_x_t;['w', 'y', 'u', 'z', 'v', 'x', 't']
373;t;15.201746900000217;239;569;808;68.72265625;t_u_z_y_w_x_v;['t', 'u', 'z', 'y', 'w', 'x', 'v']
374;w;25.802793999999267;182;457;639;68.7421875;w_x_z_t_y_u_v;['w', 'x', 'z', 't', 'y', 'u', 'v']
375;x;8.206060699998488;194;287;481;68.765625;x_u_v_y_w_z_t;['x', 'u', 'v', 'y', 'w', 'z', 't']
376;w;17.52203120000013;229;541;770;68.79296875;w_u_z_t_y_x_v;['w', 'u', 'z', 't', 'y', 'x', 'v']
377;u;10.56984999999986;193;392;585;68.79296875;u_x_y_w_v_z_t;['u', 'x', 'y', 'w', 'v', 'z', 't']
378;u;21.041024999998626;216;476;692;68.796875;u_v_t_z_w_y_x;['u', 'v', 't', 'z', 'w', 'y', 'x']
379;x;40.41192310000042;243;484;727;72.46484375;x_v_u_w_z_y_t;['x', 'v', 'u', 'w', 'z', 'y', 't']
380;w;15.807605100000728;210;395;605;72.46484375;w_u_y_v_x_t_z;['w', 'u', 'y', 'v', 'x', 't', 'z']
381;t;13.123920500000168;241;444;685;70.27734375;t_u_y_w_x_v_z;['t', 'u', 'y', 'w', 'x', 'v', 'z']
382;u;10.110871700000644;172;412;584;70.28125;u_z_y_x_w_v_t;['u', 'z', 'y', 'x', 'w', 'v', 't']
383;z;16.701792699999714;182;477;659;70.28125;z_y_u_w_t_x_v;['z', 'y', 'u', 'w', 't', 'x', 'v']
384;t;23.53941350000059;278;423;701;70.28515625;t_u_v_w_y_z_x;['t', 'u', 'v', 'w', 'y', 'z', 'x']
385;y;16.4829821000003;201;384;585;70.29296875;y_w_z_x_v_t_u;['y', 'w', 'z', 'x', 'v', 't', 'u']
386;v;22.667116099999475;211;375;586;70.29296875;v_w_t_z_x_u_y;['v', 'w', 't', 'z', 'x', 'u', 'y']
387;v;22.80757799999992;272;526;798;70.29296875;v_x_t_u_z_w_y;['v', 'x', 't', 'u', 'z', 'w', 'y']
388;u;13.261458999999377;163;373;536;70.29296875;u_t_z_w_y_x_v;['u', 't', 'z', 'w', 'y', 'x', 'v']
389;u;6.925109600000724;182;375;557;70.29296875;u_z_y_x_t_v_w;['u', 'z', 'y', 'x', 't', 'v', 'w']
390;y;6.013240399999631;190;369;559;70.29296875;y_t_x_z_v_u_w;['y', 't', 'x', 'z', 'v', 'u', 'w']
391;t;5.6324280000008;183;348;531;70.29296875;t_v_y_x_u_z_w;['t', 'v', 'y', 'x', 'u', 'z', 'w']
392;u;32.67758200000026;230;476;706;70.29296875;u_w_x_v_z_y_t;['u', 'w', 'x', 'v', 'z', 'y', 't']
393;v;26.923333799999455;201;458;659;66.45703125;v_x_t_u_y_w_z;['v', 'x', 't', 'u', 'y', 'w', 'z']
394;x;72.08759550000104;255;623;878;67.01953125;x_t_y_w_v_u_z;['x', 't', 'y', 'w', 'v', 'u', 'z']
395;t;13.504386599999634;178;321;499;67.0390625;t_y_u_z_x_w_v;['t', 'y', 'u', 'z', 'x', 'w', 'v']
396;v;27.36195360000056;246;420;666;67.05078125;v_z_x_t_w_y_u;['v', 'z', 'x', 't', 'w', 'y', 'u']
397;u;11.542737800000396;247;392;639;67.07421875;u_v_y_t_x_z_w;['u', 'v', 'y', 't', 'x', 'z', 'w']
398;z;13.50621929999943;222;362;584;67.078125;z_w_y_v_u_t_x;['z', 'w', 'y', 'v', 'u', 't', 'x']
399;u;12.333555600000182;167;326;493;67.078125;u_t_v_z_y_x_w;['u', 't', 'v', 'z', 'y', 'x', 'w']
400;v;6.486936699999205;185;282;467;67.0546875;v_t_x_z_y_w_u;['v', 't', 'x', 'z', 'y', 'w', 'u']
401;z;21.161990099999457;196;377;573;67.04296875;z_v_x_t_u_w_y;['z', 'v', 'x', 't', 'u', 'w', 'y']
402;w;28.300026200000502;253;538;791;64.16015625;w_v_y_x_u_z_t;['w', 'v', 'y', 'x', 'u', 'z', 't']
403;u;97.96088510000118;385;1247;1632;64.16015625;u_w_v_z_y_t_x;['u', 'w', 'v', 'z', 'y', 't', 'x']
404;w;49.31034820000059;224;518;742;42.453125;w_t_y_z_v_x_u;['w', 't', 'y', 'z', 'v', 'x', 'u']
405;u;29.27388299999984;194;468;662;67.93359375;u_w_y_z_x_v_t;['u', 'w', 'y', 'z', 'x', 'v', 't']
406;t;26.26646979999896;228;407;635;67.95703125;t_x_y_z_w_v_u;['t', 'x', 'y', 'z', 'w', 'v', 'u']
407;t;2815.5433047000006;272;582;854;67.9609375;t_u_z_x_v_w_y;['t', 'u', 'z', 'x', 'v', 'w', 'y']
408;v;9.264147899999443;197;361;558;14.03515625;v_t_x_z_y_u_w;['v', 't', 'x', 'z', 'y', 'u', 'w']
409;v;46.0130836999997;236;473;709;66.55859375;v_z_t_w_u_x_y;['v', 'z', 't', 'w', 'u', 'x', 'y']
410;x;17.587037999999666;184;394;578;66.66015625;x_w_z_u_y_t_v;['x', 'w', 'z', 'u', 'y', 't', 'v']
411;z;56.76970360000087;249;648;897;72.9609375;z_t_v_w_u_y_x;['z', 't', 'v', 'w', 'u', 'y', 'x']
412;z;7.983239200000753;203;327;530;72.96875;z_u_w_v_y_t_x;['z', 'u', 'w', 'v', 'y', 't', 'x']
413;y;6.789643099999012;184;331;515;71.23828125;y_t_x_z_u_w_v;['y', 't', 'x', 'z', 'u', 'w', 'v']
414;v;11.087906499999008;191;351;542;70.98828125;v_w_x_y_z_t_u;['v', 'w', 'x', 'y', 'z', 't', 'u']
415;z;16.41888999999901;178;422;600;69.74609375;z_u_t_w_x_v_y;['z', 'u', 't', 'w', 'x', 'v', 'y']
416;z;12.578053200000795;213;394;607;69.5078125;z_v_y_t_w_u_x;['z', 'v', 'y', 't', 'w', 'u', 'x']
417;z;22.279007199998887;204;508;712;69.5390625;z_v_w_t_u_y_x;['z', 'v', 'w', 't', 'u', 'y', 'x']
418;u;15.659067200000209;217;458;675;69.546875;u_z_v_t_w_y_x;['u', 'z', 'v', 't', 'w', 'y', 'x']
419;x;13.10358400000041;224;408;632;69.55078125;x_t_v_w_y_z_u;['x', 't', 'v', 'w', 'y', 'z', 'u']
420;v;21.18986700000096;265;662;927;69.55078125;v_w_y_u_t_x_z;['v', 'w', 'y', 'u', 't', 'x', 'z']
421;u;141.16672890000154;245;460;705;69.30078125;u_t_w_x_y_z_v;['u', 't', 'w', 'x', 'y', 'z', 'v']
422;t;17.79967100000067;223;448;671;63.1328125;t_v_y_x_u_w_z;['t', 'v', 'y', 'x', 'u', 'w', 'z']
423;w;23.40818650000074;191;403;594;64.2734375;w_z_x_u_y_t_v;['w', 'z', 'x', 'u', 'y', 't', 'v']
424;y;20.263231000000815;202;439;641;64.27734375;y_v_w_t_x_z_u;['y', 'v', 'w', 't', 'x', 'z', 'u']
425;v;26.58306839999932;225;367;592;65.18359375;v_x_w_z_u_t_y;['v', 'x', 'w', 'z', 'u', 't', 'y']
426;v;25.760803000001033;201;455;656;65.1875;v_t_x_y_u_w_z;['v', 't', 'x', 'y', 'u', 'w', 'z']
427;t;33.560228400001506;241;535;776;40.0703125;t_w_z_x_u_y_v;['t', 'w', 'z', 'x', 'u', 'y', 'v']
428;u;5.704102300000159;152;263;415;63.98828125;u_z_y_v_t_x_w;['u', 'z', 'y', 'v', 't', 'x', 'w']
429;v;20.22479480000038;238;517;755;64.0234375;v_u_x_y_w_t_z;['v', 'u', 'x', 'y', 'w', 't', 'z']
430;z;6.278559100001075;196;322;518;64.0234375;z_u_y_w_v_x_t;['z', 'u', 'y', 'w', 'v', 'x', 't']
431;t;33.70544139999947;243;402;645;65.17578125;t_v_w_u_z_x_y;['t', 'v', 'w', 'u', 'z', 'x', 'y']
432;u;5.550257099999726;159;295;454;65.1875;u_v_t_z_x_y_w;['u', 'v', 't', 'z', 'x', 'y', 'w']
433;z;3.0292429000000993;175;302;477;65.19140625;z_t_v_y_u_x_w;['z', 't', 'v', 'y', 'u', 'x', 'w']
434;x;11.886549900000318;214;396;610;65.19140625;x_v_u_y_w_t_z;['x', 'v', 'u', 'y', 'w', 't', 'z']
435;x;44.86346909999884;223;627;850;69.1953125;x_w_u_t_z_v_y;['x', 'w', 'u', 't', 'z', 'v', 'y']
436;v;31.10260879999987;261;711;972;71.35546875;v_t_z_y_u_w_x;['v', 't', 'z', 'y', 'u', 'w', 'x']
437;u;49.81493290000071;271;589;860;71.36328125;u_w_v_t_x_y_z;['u', 'w', 'v', 't', 'x', 'y', 'z']
438;y;69.76624439999978;294;869;1163;34.61328125;y_t_x_w_v_u_z;['y', 't', 'x', 'w', 'v', 'u', 'z']
439;x;26.46646099999998;220;447;667;35.68359375;x_w_z_u_v_t_y;['x', 'w', 'z', 'u', 'v', 't', 'y']
440;x;27.796544700000595;206;474;680;16.59765625;x_y_z_w_t_u_v;['x', 'y', 'z', 'w', 't', 'u', 'v']
441;z;21.579686999999467;194;367;561;65.65234375;z_w_y_x_v_t_u;['z', 'w', 'y', 'x', 'v', 't', 'u']
442;u;16.381289099999776;170;384;554;65.68359375;u_t_z_x_w_y_v;['u', 't', 'z', 'x', 'w', 'y', 'v']
443;x;9.764741499999218;191;280;471;65.6875;x_u_v_y_w_z_t;['x', 'u', 'v', 'y', 'w', 'z', 't']
444;v;21.77515569999923;250;462;712;65.7578125;v_x_y_z_w_t_u;['v', 'x', 'y', 'z', 'w', 't', 'u']
445;t;7.2702684000014415;182;356;538;65.7578125;t_v_y_x_z_u_w;['t', 'v', 'y', 'x', 'z', 'u', 'w']
446;v;31.086082899999383;239;401;640;65.7578125;v_x_t_w_z_y_u;['v', 'x', 't', 'w', 'z', 'y', 'u']
447;u;27.009537399999317;223;573;796;65.453125;u_y_w_t_v_z_x;['u', 'y', 'w', 't', 'v', 'z', 'x']
448;u;8.179734699999244;161;354;515;64.921875;u_x_z_t_y_w_v;['u', 'x', 'z', 't', 'y', 'w', 'v']
449;z;11.155997699999716;184;414;598;64.921875;z_u_y_x_v_t_w;['z', 'u', 'y', 'x', 'v', 't', 'w']
450;z;15.252709100001084;221;416;637;64.7265625;z_w_u_v_y_t_x;['z', 'w', 'u', 'v', 'y', 't', 'x']
451;z;6.269752999998673;193;296;489;58.8671875;z_t_y_v_x_w_u;['z', 't', 'y', 'v', 'x', 'w', 'u']
452;x;43.156119999999646;252;772;1024;67.140625;x_y_w_v_z_t_u;['x', 'y', 'w', 'v', 'z', 't', 'u']
453;w;17.639075199998842;200;520;720;67.14453125;w_z_y_t_u_x_v;['w', 'z', 'y', 't', 'u', 'x', 'v']
454;v;18.279066900000544;191;348;539;67.14453125;v_w_x_y_z_t_u;['v', 'w', 'x', 'y', 'z', 't', 'u']
455;z;25.363471599999684;251;572;823;67.1171875;z_v_w_t_y_x_u;['z', 'v', 'w', 't', 'y', 'x', 'u']
456;x;13.816469399998823;202;396;598;67.1328125;x_z_t_u_v_w_y;['x', 'z', 't', 'u', 'v', 'w', 'y']
457;y;21.07258879999972;251;572;823;67.13671875;y_u_v_w_t_z_x;['y', 'u', 'v', 'w', 't', 'z', 'x']
458;u;14.73255319999953;165;402;567;67.15625;u_y_w_x_z_t_v;['u', 'y', 'w', 'x', 'z', 't', 'v']
459;y;7.534920600000987;184;345;529;67.16015625;y_v_t_x_u_z_w;['y', 'v', 't', 'x', 'u', 'z', 'w']
460;u;7.575216000001092;192;283;475;67.16015625;u_y_z_v_w_t_x;['u', 'y', 'z', 'v', 'w', 't', 'x']
461;z;22.962943299999097;198;632;830;67.1640625;z_v_u_y_x_t_w;['z', 'v', 'u', 'y', 'x', 't', 'w']
462;v;16.991034300001047;219;528;747;67.16796875;v_y_u_t_x_w_z;['v', 'y', 'u', 't', 'x', 'w', 'z']
463;u;21.875835599999846;206;416;622;67.20703125;u_z_v_x_w_t_y;['u', 'z', 'v', 'x', 'w', 't', 'y']
464;t;7.612547699998686;170;335;505;67.20703125;t_z_u_x_v_y_w;['t', 'z', 'u', 'x', 'v', 'y', 'w']
465;z;8.50729709999905;174;384;558;66.859375;z_u_x_y_v_t_w;['z', 'u', 'x', 'y', 'v', 't', 'w']
466;v;17.66228609999962;201;303;504;66.8984375;v_x_z_w_u_y_t;['v', 'x', 'z', 'w', 'u', 'y', 't']
467;v;47.690974399998595;287;579;866;67.8359375;v_u_t_w_z_y_x;['v', 'u', 't', 'w', 'z', 'y', 'x']
468;w;25.465266499999416;194;384;578;67.859375;w_t_v_x_z_y_u;['w', 't', 'v', 'x', 'z', 'y', 'u']
469;v;70.81211840000105;273;646;919;67.921875;v_w_x_t_u_y_z;['v', 'w', 'x', 't', 'u', 'y', 'z']
470;u;53.47122099999979;278;659;937;15.06640625;u_w_x_t_v_z_y;['u', 'w', 'x', 't', 'v', 'z', 'y']
471;u;6.0164870000007795;173;314;487;15.08984375;u_x_y_v_z_t_w;['u', 'x', 'y', 'v', 'z', 't', 'w']
472;z;11.238510499999393;229;397;626;65.4296875;z_w_y_v_u_t_x;['z', 'w', 'y', 'v', 'u', 't', 'x']
473;y;23.69919409999966;227;383;610;65.44140625;y_t_z_x_w_u_v;['y', 't', 'z', 'x', 'w', 'u', 'v']
474;v;43.482484699999986;220;590;810;66.46875;v_w_t_z_u_y_x;['v', 'w', 't', 'z', 'u', 'y', 'x']
475;v;17.16138309999951;222;419;641;66.48046875;v_z_x_y_w_u_t;['v', 'z', 'x', 'y', 'w', 'u', 't']
476;v;16.687628300000142;224;429;653;66.48828125;v_y_z_x_w_u_t;['v', 'y', 'z', 'x', 'w', 'u', 't']
477;z;5.399093099998936;186;286;472;66.4921875;z_t_x_y_v_w_u;['z', 't', 'x', 'y', 'v', 'w', 'u']
478;u;24.23827440000059;221;501;722;66.52734375;u_v_x_z_t_w_y;['u', 'v', 'x', 'z', 't', 'w', 'y']
479;y;17.280294700000013;182;376;558;66.53515625;y_z_w_u_x_t_v;['y', 'z', 'w', 'u', 'x', 't', 'v']
480;t;8.408805400000347;183;341;524;66.54296875;t_u_x_z_y_v_w;['t', 'u', 'x', 'z', 'y', 'v', 'w']
481;x;11.132891699999163;193;375;568;66.546875;x_t_z_y_u_v_w;['x', 't', 'z', 'y', 'u', 'v', 'w']
482;w;34.05366829999912;208;396;604;66.546875;w_x_u_y_t_z_v;['w', 'x', 'u', 'y', 't', 'z', 'v']
483;t;9.799296300001515;195;384;579;65.6640625;t_y_v_z_u_w_x;['t', 'y', 'v', 'z', 'u', 'w', 'x']
484;t;25.143555299999207;250;503;753;65.671875;t_v_u_y_w_x_z;['t', 'v', 'u', 'y', 'w', 'x', 'z']
485;t;13.365088900000046;195;304;499;65.15625;t_w_x_u_v_y_z;['t', 'w', 'x', 'u', 'v', 'y', 'z']
486;x;69.41375510000034;245;746;991;71.40625;x_u_w_v_z_t_y;['x', 'u', 'w', 'v', 'z', 't', 'y']
487;v;77.73177980000037;268;811;1079;71.94921875;v_z_x_w_t_y_u;['v', 'z', 'x', 'w', 't', 'y', 'u']
488;v;23.186635099998966;218;579;797;71.95703125;v_z_t_y_u_w_x;['v', 'z', 't', 'y', 'u', 'w', 'x']
489;y;8.51135510000131;187;352;539;71.16015625;y_t_v_x_u_z_w;['y', 't', 'v', 'x', 'u', 'z', 'w']
490;u;20.35749670000041;260;374;634;45.0703125;u_x_y_t_w_z_v;['u', 'x', 'y', 't', 'w', 'z', 'v']
491;y;34.9696258999993;227;683;910;16.74609375;y_w_x_t_v_u_z;['y', 'w', 'x', 't', 'v', 'u', 'z']
492;v;13.494490699999005;268;468;736;18.03125;v_x_y_w_u_z_t;['v', 'x', 'y', 'w', 'u', 'z', 't']
493;w;13.681985799999893;206;384;590;18.03515625;w_z_x_v_y_t_u;['w', 'z', 'x', 'v', 'y', 't', 'u']
494;z;6.4362972999988415;178;340;518;65.2890625;z_u_v_y_t_x_w;['z', 'u', 'v', 'y', 't', 'x', 'w']
495;y;26.402577499999097;186;355;541;65.2890625;y_x_z_w_u_v_t;['y', 'x', 'z', 'w', 'u', 'v', 't']
496;w;34.41485970000031;229;594;823;60.10546875;w_z_v_t_y_u_x;['w', 'z', 'v', 't', 'y', 'u', 'x']
497;w;24.70722829999977;200;432;632;72.67578125;w_u_x_z_t_y_v;['w', 'u', 'x', 'z', 't', 'y', 'v']
498;v;9.698952000000645;275;498;773;72.70703125;v_y_w_u_x_z_t;['v', 'y', 'w', 'u', 'x', 'z', 't']
499;v;18.90516800000114;226;480;706;72.70703125;v_y_u_w_x_t_z;['v', 'y', 'u', 'w', 'x', 't', 'z']
500;y;9.406607200000508;179;324;503;72.70703125;y_t_u_x_z_w_v;['y', 't', 'u', 'x', 'z', 'w', 'v']
501;u;20.471143000000666;245;457;702;72.70703125;u_x_z_v_w_y_t;['u', 'x', 'z', 'v', 'w', 'y', 't']
502;y;7.291782500000409;175;288;463;71.08984375;y_u_v_t_z_w_x;['y', 'u', 'v', 't', 'z', 'w', 'x']
503;x;25.694397900000695;265;778;1043;71.8671875;x_v_u_y_z_t_w;['x', 'v', 'u', 'y', 'z', 't', 'w']
504;y;39.254320899999584;209;516;725;71.87109375;y_x_w_z_t_u_v;['y', 'x', 'w', 'z', 't', 'u', 'v']
505;z;27.150175799999488;238;529;767;63.1015625;z_y_x_u_v_w_t;['z', 'y', 'x', 'u', 'v', 'w', 't']
506;t;40.445660499999576;219;500;719;66.0546875;t_u_w_x_z_y_v;['t', 'u', 'w', 'x', 'z', 'y', 'v']
507;x;7.841354799998953;183;352;535;66.078125;x_u_t_z_v_y_w;['x', 'u', 't', 'z', 'v', 'y', 'w']
508;y;17.945704599998862;180;511;691;66.08984375;y_u_z_w_t_v_x;['y', 'u', 'z', 'w', 't', 'v', 'x']
509;t;15.632357200000115;228;363;591;66.09765625;t_x_u_w_v_y_z;['t', 'x', 'u', 'w', 'v', 'y', 'z']
510;u;20.874014400000306;234;516;750;70.56640625;u_z_v_x_t_w_y;['u', 'z', 'v', 'x', 't', 'w', 'y']
511;z;32.95128950000071;237;570;807;72.0625;z_u_w_v_t_x_y;['z', 'u', 'w', 'v', 't', 'x', 'y']
512;u;40.14200239999991;228;569;797;72.078125;u_x_w_t_z_v_y;['u', 'x', 'w', 't', 'z', 'v', 'y']
513;u;33.309387600000264;215;579;794;72.078125;u_w_z_v_y_t_x;['u', 'w', 'z', 'v', 'y', 't', 'x']
514;t;23.444589999999152;177;386;563;64.90234375;t_u_z_w_x_v_y;['t', 'u', 'z', 'w', 'x', 'v', 'y']
515;y;73.62339059999977;247;713;960;69.8828125;y_x_w_v_t_z_u;['y', 'x', 'w', 'v', 't', 'z', 'u']
516;u;15.680827399999544;196;417;613;69.89453125;u_y_w_x_v_z_t;['u', 'y', 'w', 'x', 'v', 'z', 't']
517;x;24.702003700000205;194;355;549;69.54296875;x_z_w_y_v_t_u;['x', 'z', 'w', 'y', 'v', 't', 'u']
518;z;77.17564890000176;329;1003;1332;70.640625;z_u_v_x_w_t_y;['z', 'u', 'v', 'x', 'w', 't', 'y']
519;v;90.25622229999863;326;608;934;74.68359375;v_u_x_t_w_z_y;['v', 'u', 'x', 't', 'w', 'z', 'y']
520;z;15.985969400000613;222;396;618;74.69140625;z_w_u_y_v_t_x;['z', 'w', 'u', 'y', 'v', 't', 'x']
521;x;31.20339619999868;198;558;756;72.7109375;x_z_y_w_t_u_v;['x', 'z', 'y', 'w', 't', 'u', 'v']
522;x;8.524631399999635;168;313;481;72.71875;x_v_z_u_t_y_w;['x', 'v', 'z', 'u', 't', 'y', 'w']
523;z;38.069948000000295;204;503;707;72.734375;z_v_w_t_u_y_x;['z', 'v', 'w', 't', 'u', 'y', 'x']
524;u;35.365375599998515;214;292;506;72.7421875;u_v_x_t_w_y_z;['u', 'v', 'x', 't', 'w', 'y', 'z']
525;v;21.120565799999895;241;393;634;17.55078125;v_u_x_y_w_z_t;['v', 'u', 'x', 'y', 'w', 'z', 't']
526;x;19.00664699999834;242;437;679;12.76953125;x_t_w_z_y_v_u;['x', 't', 'w', 'z', 'y', 'v', 'u']
527;u;18.655153900002915;219;539;758;64.8671875;u_t_v_z_w_x_y;['u', 't', 'v', 'z', 'w', 'x', 'y']
528;x;10.586925899999187;202;394;596;64.890625;x_z_t_u_v_w_y;['x', 'z', 't', 'u', 'v', 'w', 'y']
529;t;25.014866500001517;238;537;775;66.0859375;t_x_w_y_u_z_v;['t', 'x', 'w', 'y', 'u', 'z', 'v']
530;x;21.14084840000214;251;553;804;67.00390625;x_v_u_w_y_z_t;['x', 'v', 'u', 'w', 'y', 'z', 't']
531;y;17.685936500001844;204;391;595;67.07421875;y_x_w_z_u_t_v;['y', 'x', 'w', 'z', 'u', 't', 'v']
532;w;23.54608189999999;196;514;710;67.07421875;w_t_y_x_u_v_z;['w', 't', 'y', 'x', 'u', 'v', 'z']
533;u;27.194944900002156;213;472;685;67.07421875;u_w_t_x_y_z_v;['u', 'w', 't', 'x', 'y', 'z', 'v']
534;x;13.74084220000077;182;407;589;67.1015625;x_z_t_u_w_v_y;['x', 'z', 't', 'u', 'w', 'v', 'y']
535;x;9.556778099999065;203;371;574;67.13671875;x_v_y_t_w_z_u;['x', 'v', 'y', 't', 'w', 'z', 'u']
536;v;11.452366900000925;209;462;671;67.140625;v_u_t_y_x_w_z;['v', 'u', 't', 'y', 'x', 'w', 'z']
537;t;19.460325799998827;285;497;782;67.171875;t_w_z_y_v_x_u;['t', 'w', 'z', 'y', 'v', 'x', 'u']
538;z;17.09695289999945;185;445;630;67.18359375;z_u_w_x_t_y_v;['z', 'u', 'w', 'x', 't', 'y', 'v']
539;w;23.820994699999574;228;531;759;67.1953125;w_t_v_y_z_x_u;['w', 't', 'v', 'y', 'z', 'x', 'u']
540;u;12.092002699999284;196;379;575;67.19921875;u_t_v_y_x_w_z;['u', 't', 'v', 'y', 'x', 'w', 'z']
541;y;9.496467600001779;203;393;596;67.203125;y_t_x_v_w_u_z;['y', 't', 'x', 'v', 'w', 'u', 'z']
542;z;2.8140200000016193;175;281;456;67.203125;z_v_y_u_x_t_w;['z', 'v', 'y', 'u', 'x', 't', 'w']
543;v;11.275530599999911;217;298;515;67.203125;v_t_z_x_w_u_y;['v', 't', 'z', 'x', 'w', 'u', 'y']
544;v;5.14687369999956;167;303;470;66.6328125;v_t_x_z_u_y_w;['v', 't', 'x', 'z', 'u', 'y', 'w']
545;x;6.452726300001814;190;380;570;66.6328125;x_z_t_y_u_v_w;['x', 'z', 't', 'y', 'u', 'v', 'w']
546;y;20.342012000000977;223;370;593;66.6328125;y_t_u_w_z_x_v;['y', 't', 'u', 'w', 'z', 'x', 'v']
547;u;23.595247799999925;235;504;739;67.91015625;u_v_w_x_z_y_t;['u', 'v', 'w', 'x', 'z', 'y', 't']
548;y;7.239030699998693;263;461;724;67.91015625;y_v_w_u_z_x_t;['y', 'v', 'w', 'u', 'z', 'x', 't']
549;u;8.542180099997495;190;355;545;67.9296875;u_y_x_t_v_w_z;['u', 'y', 'x', 't', 'v', 'w', 'z']
550;x;12.010043599999335;215;363;578;67.9296875;x_u_w_t_y_v_z;['x', 'u', 'w', 't', 'y', 'v', 'z']
551;u;28.513738999998168;233;676;909;67.9375;u_z_w_t_v_y_x;['u', 'z', 'w', 't', 'v', 'y', 'x']
552;t;3.36130680000133;180;278;458;67.94140625;t_v_y_z_x_w_u;['t', 'v', 'y', 'z', 'x', 'w', 'u']
553;x;5.072714300000371;190;350;540;67.94140625;x_y_v_t_z_u_w;['x', 'y', 'v', 't', 'z', 'u', 'w']
554;x;81.53522599999997;284;1144;1428;78.25390625;x_w_t_v_y_z_u;['x', 'w', 't', 'v', 'y', 'z', 'u']
555;y;8.43559009999808;205;364;569;78.25390625;y_z_u_w_x_v_t;['y', 'z', 'u', 'w', 'x', 'v', 't']
556;v;49.283529199998156;242;571;813;76.8828125;v_x_w_t_z_y_u;['v', 'x', 'w', 't', 'z', 'y', 'u']
557;y;6.658335899999656;180;349;529;76.390625;y_x_z_v_t_u_w;['y', 'x', 'z', 'v', 't', 'u', 'w']
558;t;6.003246800002671;166;316;482;76.37890625;t_x_v_z_u_y_w;['t', 'x', 'v', 'z', 'u', 'y', 'w']
559;v;7.859614299999521;234;416;650;76.37890625;v_y_w_z_u_x_t;['v', 'y', 'w', 'z', 'u', 'x', 't']
560;y;7.427297399997769;191;287;478;75.12890625;y_x_z_t_w_v_u;['y', 'x', 'z', 't', 'w', 'v', 'u']
561;z;5.766441099996882;157;347;504;74.87890625;z_y_x_u_t_w_v;['z', 'y', 'x', 'u', 't', 'w', 'v']
562;t;19.323815300002025;251;364;615;74.8828125;t_x_v_w_u_z_y;['t', 'x', 'v', 'w', 'u', 'z', 'y']
563;w;16.1026520000014;213;568;781;74.8828125;w_y_z_t_v_u_x;['w', 'y', 'z', 't', 'v', 'u', 'x']
564;w;12.569382400000904;226;505;731;74.8828125;w_y_z_u_t_v_x;['w', 'y', 'z', 'u', 't', 'v', 'x']
565;x;8.17056660000162;194;258;452;75.82421875;x_z_v_t_w_u_y;['x', 'z', 'v', 't', 'w', 'u', 'y']
566;x;3.2402522999982466;160;254;414;75.82421875;x_t_u_v_y_z_w;['x', 't', 'u', 'v', 'y', 'z', 'w']
567;u;28.17937929999971;275;649;924;75.82421875;u_t_w_z_y_v_x;['u', 't', 'w', 'z', 'y', 'v', 'x']
568;y;8.755122099999426;190;361;551;75.82421875;y_u_x_t_v_w_z;['y', 'u', 'x', 't', 'v', 'w', 'z']
569;z;32.555909300001076;237;710;947;75.82421875;z_w_u_t_v_y_x;['z', 'w', 'u', 't', 'v', 'y', 'x']
570;u;10.51989440000034;167;414;581;75.828125;u_z_x_w_y_v_t;['u', 'z', 'x', 'w', 'y', 'v', 't']
571;w;43.82099720000042;243;679;922;75.828125;w_u_x_t_z_v_y;['w', 'u', 'x', 't', 'z', 'v', 'y']
572;t;12.761425699998654;240;353;593;69.83203125;t_w_z_v_x_u_y;['t', 'w', 'z', 'v', 'x', 'u', 'y']
573;v;11.17108769999686;213;389;602;69.83203125;v_y_w_t_z_x_u;['v', 'y', 'w', 't', 'z', 'x', 'u']
574;t;15.233836499999597;266;510;776;69.83203125;t_z_v_y_w_u_x;['t', 'z', 'v', 'y', 'w', 'u', 'x']
575;w;12.407466699998622;209;398;607;69.50390625;w_u_v_x_y_t_z;['w', 'u', 'v', 'x', 'y', 't', 'z']
576;w;20.09771449999971;229;392;621;69.50390625;w_v_z_u_t_x_y;['w', 'v', 'z', 'u', 't', 'x', 'y']
577;u;22.610225599997648;232;561;793;69.51171875;u_v_z_w_t_x_y;['u', 'v', 'z', 'w', 't', 'x', 'y']
578;y;12.251306599999225;178;362;540;69.51953125;y_w_x_u_z_v_t;['y', 'w', 'x', 'u', 'z', 'v', 't']
579;u;11.65171460000056;173;353;526;69.51953125;u_x_v_t_z_w_y;['u', 'x', 'v', 't', 'z', 'w', 'y']
580;u;4.690979000002699;173;313;486;69.51953125;u_y_x_v_z_t_w;['u', 'y', 'x', 'v', 'z', 't', 'w']
581;t;12.525287899999967;235;347;582;69.51953125;t_x_z_w_v_u_y;['t', 'x', 'z', 'w', 'v', 'u', 'y']
582;x;53.03131199999916;241;736;977;69.6484375;x_w_v_t_u_y_z;['x', 'w', 'v', 't', 'u', 'y', 'z']
583;w;29.065542500000447;244;531;775;79.921875;w_x_z_u_v_t_y;['w', 'x', 'z', 'u', 'v', 't', 'y']
584;y;15.330361999996967;232;444;676;79.921875;y_v_z_w_x_u_t;['y', 'v', 'z', 'w', 'x', 'u', 't']
585;z;37.5648005999974;266;676;942;76.21875;z_x_v_w_t_u_y;['z', 'x', 'v', 'w', 't', 'u', 'y']
586;t;4.180446599999414;184;283;467;75.0546875;t_x_y_v_z_w_u;['t', 'x', 'y', 'v', 'z', 'w', 'u']
587;x;42.60026570000264;220;650;870;74.36328125;x_w_t_u_z_v_y;['x', 'w', 't', 'u', 'z', 'v', 'y']
588;z;5.780165899999702;182;401;583;74.34765625;z_u_x_y_t_v_w;['z', 'u', 'x', 'y', 't', 'v', 'w']
589;z;21.22283669999888;180;429;609;74.34765625;z_w_x_t_u_y_v;['z', 'w', 'x', 't', 'u', 'y', 'v']
590;z;20.965134699999908;236;406;642;74.34765625;z_v_w_u_t_x_y;['z', 'v', 'w', 'u', 't', 'x', 'y']
591;x;7.461424400000396;193;393;586;74.34375;x_z_y_u_t_v_w;['x', 'z', 'y', 'u', 't', 'v', 'w']
592;u;3.3472259000009217;165;268;433;74.34375;u_t_v_y_z_x_w;['u', 't', 'v', 'y', 'z', 'x', 'w']
593;t;10.704374000000826;224;431;655;74.34765625;t_v_y_w_x_u_z;['t', 'v', 'y', 'w', 'x', 'u', 'z']
594;x;20.726809299998422;235;362;597;74.35546875;x_z_w_v_u_y_t;['x', 'z', 'w', 'v', 'u', 'y', 't']
595;y;35.2794610000019;284;553;837;74.3515625;y_t_x_u_w_z_v;['y', 't', 'x', 'u', 'w', 'z', 'v']
596;t;25.75951129999885;227;407;634;69.62109375;t_y_z_x_w_v_u;['t', 'y', 'z', 'x', 'w', 'v', 'u']
597;t;9.502873800000089;204;363;567;27.71484375;t_u_y_v_x_w_z;['t', 'u', 'y', 'v', 'x', 'w', 'z']
598;z;11.048638699998264;172;429;601;26.90625;z_u_w_y_x_t_v;['z', 'u', 'w', 'y', 'x', 't', 'v']
599;x;25.23548099999971;299;595;894;66.10546875;x_u_t_y_w_z_v;['x', 'u', 't', 'y', 'w', 'z', 'v']
600;w;56.59264020000046;257;681;938;70.7109375;w_u_v_t_x_z_y;['w', 'u', 'v', 't', 'x', 'z', 'y']
601;y;17.77552250000008;229;373;602;70.71484375;y_u_t_w_z_x_v;['y', 'u', 't', 'w', 'z', 'x', 'v']
602;v;17.318254100002378;239;653;892;68.97265625;v_z_t_y_u_w_x;['v', 'z', 't', 'y', 'u', 'w', 'x']
603;y;10.956427999997686;207;454;661;68.97265625;y_w_t_v_z_u_x;['y', 'w', 't', 'v', 'z', 'u', 'x']
604;v;29.46003330000167;226;470;696;68.97265625;v_w_t_y_z_x_u;['v', 'w', 't', 'y', 'z', 'x', 'u']
605;z;25.045167799999035;206;529;735;68.97265625;z_w_u_x_y_t_v;['z', 'w', 'u', 'x', 'y', 't', 'v']
606;w;40.32166450000295;227;715;942;69.00390625;w_t_z_u_v_x_y;['w', 't', 'z', 'u', 'v', 'x', 'y']
607;y;19.406465299998672;216;457;673;69.01171875;y_x_w_u_t_v_z;['y', 'x', 'w', 'u', 't', 'v', 'z']
608;x;11.96751960000256;210;286;496;69.046875;x_u_v_t_w_y_z;['x', 'u', 'v', 't', 'w', 'y', 'z']
609;w;249.23399029999928;202;385;587;69.046875;w_v_x_y_z_t_u;['w', 'v', 'x', 'y', 'z', 't', 'u']
610;u;23.365945900000952;188;456;644;51.78125;u_t_z_w_v_x_y;['u', 't', 'z', 'w', 'v', 'x', 'y']
611;v;22.388103900000715;221;434;655;52.87890625;v_u_w_x_y_z_t;['v', 'u', 'w', 'x', 'y', 'z', 't']
612;x;12.776942899999995;189;363;552;17.56640625;x_u_y_t_v_w_z;['x', 'u', 'y', 't', 'v', 'w', 'z']
613;w;21.820302699998138;213;512;725;64.75390625;w_u_z_t_x_y_v;['w', 'u', 'z', 't', 'x', 'y', 'v']
614;y;11.400091100000282;235;425;660;64.76171875;y_w_v_u_x_z_t;['y', 'w', 'v', 'u', 'x', 'z', 't']
615;t;8.418014900002163;200;365;565;65.578125;t_v_x_u_y_z_w;['t', 'v', 'x', 'u', 'y', 'z', 'w']
616;t;16.49490380000134;234;468;702;65.62109375;t_x_u_w_z_y_v;['t', 'x', 'u', 'w', 'z', 'y', 'v']
617;t;29.029426400000375;254;587;841;67.46484375;t_u_w_x_z_v_y;['t', 'u', 'w', 'x', 'z', 'v', 'y']
618;w;34.73860179999974;279;682;961;68.56640625;w_v_u_t_y_z_x;['w', 'v', 'u', 't', 'y', 'z', 'x']
619;w;34.02681600000142;233;512;745;68.6328125;w_z_u_v_x_t_y;['w', 'z', 'u', 'v', 'x', 't', 'y']
620;z;9.845625199999631;169;389;558;68.6328125;z_u_y_x_w_t_v;['z', 'u', 'y', 'x', 'w', 't', 'v']
621;t;38.464247899999464;215;463;678;68.7890625;t_v_z_w_u_y_x;['t', 'v', 'z', 'w', 'u', 'y', 'x']
622;v;4.986754599998676;168;310;478;68.7890625;v_z_x_t_u_y_w;['v', 'z', 'x', 't', 'u', 'y', 'w']
623;y;47.133985100001155;212;532;744;68.79296875;y_w_t_u_z_x_v;['y', 'w', 't', 'u', 'z', 'x', 'v']
624;t;176.4889280999996;257;479;736;68.75;t_x_y_w_z_v_u;['t', 'x', 'y', 'w', 'z', 'v', 'u']
625;u;10.614906099999644;171;400;571;65.81640625;u_x_w_y_z_v_t;['u', 'x', 'w', 'y', 'z', 'v', 't']
626;u;22.466007700000773;227;509;736;65.9921875;u_w_t_v_x_y_z;['u', 'w', 't', 'v', 'x', 'y', 'z']
627;y;10.210612099999707;197;394;591;66.01171875;y_u_v_t_w_z_x;['y', 'u', 'v', 't', 'w', 'z', 'x']
628;y;5.429813999999169;180;366;546;66.0234375;y_u_x_z_t_v_w;['y', 'u', 'x', 'z', 't', 'v', 'w']
629;t;19.535665499999595;283;459;742;66.8828125;t_v_w_u_y_x_z;['t', 'v', 'w', 'u', 'y', 'x', 'z']
630;t;6.26811699999962;194;393;587;66.8828125;t_y_x_z_v_u_w;['t', 'y', 'x', 'z', 'v', 'u', 'w']
631;t;15.244543500000873;175;365;540;66.88671875;t_w_z_x_u_v_y;['t', 'w', 'z', 'x', 'u', 'v', 'y']
632;y;4.833442899998772;178;348;526;66.92578125;y_t_x_z_v_u_w;['y', 't', 'x', 'z', 'v', 'u', 'w']
633;w;26.224476100000174;219;502;721;66.984375;w_t_z_v_u_x_y;['w', 't', 'z', 'v', 'u', 'x', 'y']
634;u;13.604693500001304;198;446;644;66.984375;u_v_t_x_z_w_y;['u', 'v', 't', 'x', 'z', 'w', 'y']
635;t;52.56371890000082;314;693;1007;70.91796875;t_u_v_w_x_z_y;['t', 'u', 'v', 'w', 'x', 'z', 'y']
636;x;18.368897399999696;222;486;708;70.91796875;x_z_t_w_y_u_v;['x', 'z', 't', 'w', 'y', 'u', 'v']
637;t;5.850433100000373;200;383;583;70.421875;t_v_z_x_y_u_w;['t', 'v', 'z', 'x', 'y', 'u', 'w']
638;v;4.166344599998411;181;280;461;70.46484375;v_t_x_y_z_w_u;['v', 't', 'x', 'y', 'z', 'w', 'u']
639;y;3.3132403000017803;159;250;409;70.46484375;y_u_t_v_x_z_w;['y', 'u', 't', 'v', 'x', 'z', 'w']
640;w;17.429858200001036;202;407;609;70.47265625;w_z_x_v_t_y_u;['w', 'z', 'x', 'v', 't', 'y', 'u']
641;w;36.790507399997296;298;901;1199;70.5859375;w_v_y_t_z_u_x;['w', 'v', 'y', 't', 'z', 'u', 'x']
642;y;2.834770800000115;171;303;474;70.5859375;y_v_u_x_t_z_w;['y', 'v', 'u', 'x', 't', 'z', 'w']
643;x;6.060068200000387;192;370;562;70.6484375;x_y_z_t_u_v_w;['x', 'y', 'z', 't', 'u', 'v', 'w']
644;x;639.3977664000013;175;410;585;70.6484375;x_w_z_t_u_y_v;['x', 'w', 'z', 't', 'u', 'y', 'v']
645;t;17.221730600002047;183;388;571;30.69921875;t_w_z_x_u_y_v;['t', 'w', 'z', 'x', 'u', 'y', 'v']
646;y;7.335647399999289;257;471;728;67.9375;y_v_w_u_z_x_t;['y', 'v', 'w', 'u', 'z', 'x', 't']
647;t;6.745228299998416;220;292;512;67.9375;t_u_v_w_x_y_z;['t', 'u', 'v', 'w', 'x', 'y', 'z']
648;y;11.94759250000061;227;403;630;67.9375;y_z_u_v_w_t_x;['y', 'z', 'u', 'v', 'w', 't', 'x']
649;z;2.9852738000008685;175;282;457;65.4453125;z_v_y_u_t_x_w;['z', 'v', 'y', 'u', 't', 'x', 'w']
650;w;18.820315799999662;198;422;620;66.3359375;w_x_u_z_t_y_v;['w', 'x', 'u', 'z', 't', 'y', 'v']
651;t;18.355433900000207;276;437;713;66.359375;t_v_w_u_y_z_x;['t', 'v', 'w', 'u', 'y', 'z', 'x']
652;x;7.3707653999990725;196;376;572;66.71875;x_u_z_t_v_y_w;['x', 'u', 'z', 't', 'v', 'y', 'w']
653;u;4.998530400000163;158;310;468;66.75;u_z_v_x_t_y_w;['u', 'z', 'v', 'x', 't', 'y', 'w']
654;v;9.227112500000658;234;454;688;66.76171875;v_y_w_x_u_t_z;['v', 'y', 'w', 'x', 'u', 't', 'z']
655;x;102.24888319999809;316;1103;1419;75.609375;x_y_w_t_v_u_z;['x', 'y', 'w', 't', 'v', 'u', 'z']
656;w;7.315532399999938;227;352;579;75.609375;w_y_v_z_u_t_x;['w', 'y', 'v', 'z', 'u', 't', 'x']
657;w;37.39515460000257;213;603;816;72.609375;w_t_u_x_z_v_y;['w', 't', 'u', 'x', 'z', 'v', 'y']
658;w;22.13044069999887;226;477;703;71.88671875;w_t_x_v_u_z_y;['w', 't', 'x', 'v', 'u', 'z', 'y']
659;w;20.495816899998317;264;591;855;71.88671875;w_y_z_u_v_t_x;['w', 'y', 'z', 'u', 'v', 't', 'x']
660;x;11.63257860000158;179;430;609;71.328125;x_u_z_w_y_t_v;['x', 'u', 'z', 'w', 'y', 't', 'v']
661;x;39.78645989999859;304;719;1023;71.48046875;x_t_u_w_v_z_y;['x', 't', 'u', 'w', 'v', 'z', 'y']
662;v;5.743908700002066;166;316;482;71.48828125;v_t_z_u_x_y_w;['v', 't', 'z', 'u', 'x', 'y', 'w']
663;y;11.645732999997563;275;479;754;71.4921875;y_x_v_w_u_z_t;['y', 'x', 'v', 'w', 'u', 'z', 't']
664;t;3.3752084000007017;160;255;415;68.828125;t_u_x_v_y_z_w;['t', 'u', 'x', 'v', 'y', 'z', 'w']
665;v;2.6683636999987357;175;291;466;68.84765625;v_u_y_z_t_x_w;['v', 'u', 'y', 'z', 't', 'x', 'w']
666;v;47.29879009999786;243;634;877;73.6328125;v_x_z_w_y_u_t;['v', 'x', 'z', 'w', 'y', 'u', 't']
667;y;5.927087899999606;184;335;519;73.6328125;y_x_v_t_u_z_w;['y', 'x', 'v', 't', 'u', 'z', 'w']
668;v;20.93176119999771;212;448;660;73.3828125;v_w_z_t_y_x_u;['v', 'w', 'z', 't', 'y', 'x', 'u']
669;y;4.251287000002776;174;341;515;73.390625;y_z_x_t_v_u_w;['y', 'z', 'x', 't', 'v', 'u', 'w']
670;v;17.478948699998;212;353;565;73.39453125;v_u_z_w_x_t_y;['v', 'u', 'z', 'w', 'x', 't', 'y']
671;v;6.62391800000114;168;312;480;73.39453125;v_u_t_x_z_y_w;['v', 'u', 't', 'x', 'z', 'y', 'w']
672;t;15.910592900003394;239;387;626;73.39453125;t_y_u_x_w_z_v;['t', 'y', 'u', 'x', 'w', 'z', 'v']
673;x;19.158258999999816;213;325;538;73.39453125;x_v_z_w_u_t_y;['x', 'v', 'z', 'w', 'u', 't', 'y']
674;w;22.23223700000017;259;459;718;73.20703125;w_z_v_x_u_t_y;['w', 'z', 'v', 'x', 'u', 't', 'y']
675;t;28.66261310000118;235;635;870;73.21484375;t_w_u_z_y_x_v;['t', 'w', 'u', 'z', 'y', 'x', 'v']
676;t;14.270534600000246;179;390;569;73.2265625;t_x_z_u_w_v_y;['t', 'x', 'z', 'u', 'w', 'v', 'y']
677;w;16.522616999998718;184;398;582;73.23046875;w_z_x_y_u_t_v;['w', 'z', 'x', 'y', 'u', 't', 'v']
678;z;13.03734970000005;193;336;529;72.98046875;z_w_v_x_t_y_u;['z', 'w', 'v', 'x', 't', 'y', 'u']
679;y;16.26951249999911;221;567;788;72.98046875;y_w_v_z_t_u_x;['y', 'w', 'v', 'z', 't', 'u', 'x']
680;y;4.921514300000126;185;347;532;72.984375;y_u_z_t_x_v_w;['y', 'u', 'z', 't', 'x', 'v', 'w']
681;t;7.252783799998724;202;358;560;72.9921875;t_v_x_y_u_z_w;['t', 'v', 'x', 'y', 'u', 'z', 'w']
682;t;5.386738500001229;192;355;547;72.76171875;t_v_y_x_u_z_w;['t', 'v', 'y', 'x', 'u', 'z', 'w']
683;v;13.440471099998831;259;477;736;72.76171875;v_x_y_z_u_w_t;['v', 'x', 'y', 'z', 'u', 'w', 't']
684;z;11.2742728000012;168;401;569;72.76171875;z_u_x_w_y_t_v;['z', 'u', 'x', 'w', 'y', 't', 'v']
685;x;5.57191480000256;153;311;464;72.76171875;x_u_t_y_z_w_v;['x', 'u', 't', 'y', 'z', 'w', 'v']
686;v;60.911042499999894;399;691;1090;75.8671875;v_t_u_w_x_z_y;['v', 't', 'u', 'w', 'x', 'z', 'y']
687;z;9.98444969999764;216;328;544;75.87109375;z_v_w_u_y_t_x;['z', 'v', 'w', 'u', 'y', 't', 'x']
688;z;11.499100900000485;191;416;607;74.37109375;z_u_t_x_v_w_y;['z', 'u', 't', 'x', 'v', 'w', 'y']
689;w;14.921748500000831;205;449;654;74.37109375;w_z_t_y_v_u_x;['w', 'z', 't', 'y', 'v', 'u', 'x']
690;z;4.949210900002072;191;294;485;74.3671875;z_y_x_v_t_w_u;['z', 'y', 'x', 'v', 't', 'w', 'u']
691;y;19.33618690000003;252;491;743;74.3671875;y_t_w_z_u_x_v;['y', 't', 'w', 'z', 'u', 'x', 'v']
692;y;4.341825999999855;188;295;483;74.3671875;y_x_z_v_t_w_u;['y', 'x', 'z', 'v', 't', 'w', 'u']
693;z;27.233897199999774;217;603;820;74.3671875;z_w_t_u_v_y_x;['z', 'w', 't', 'u', 'v', 'y', 'x']
694;v;24.792784199999005;266;511;777;74.375;v_x_u_t_z_w_y;['v', 'x', 'u', 't', 'z', 'w', 'y']
695;t;37.019674700000905;293;656;949;74.37109375;t_w_u_v_z_y_x;['t', 'w', 'u', 'v', 'z', 'y', 'x']
696;v;18.480931599999167;208;401;609;67.16015625;v_z_u_w_x_y_t;['v', 'z', 'u', 'w', 'x', 'y', 't']
697;u;22.93281240000215;213;383;596;67.1796875;u_t_x_v_w_z_y;['u', 't', 'x', 'v', 'w', 'z', 'y']
698;x;37.41332069999771;218;468;686;67.18359375;x_w_v_t_z_y_u;['x', 'w', 'v', 't', 'z', 'y', 'u']
699;z;9.319212499998685;186;281;467;51.28125;z_t_v_x_y_w_u;['z', 't', 'v', 'x', 'y', 'w', 'u']
700;x;40.771586200000456;275;797;1072;63.65234375;x_v_u_y_z_t_w;['x', 'v', 'u', 'y', 'z', 't', 'w']
